state,gene,donors,baseline_specificity_effect,bootstrap_selection_frequency,bootstrap_effect_mean,bootstrap_effect_sd,bootstrap_effect_ci95_low,bootstrap_effect_ci95_high,hpa_evidence,hpa_weight,prominence_score,stable_marker,state_rank
B,VPREB3,60,0.9028289253431537,1.0,0.8108638936281204,0.005343862738763189,0.7990127205848694,0.820521891117096,Evidence at protein level,1.15,1.0382532641446267,True,1
B,CD19,60,0.8941873116839638,1.0,0.7722718614339829,0.006568158946834661,0.758991539478302,0.7835904359817505,Evidence at protein level,1.15,1.0283154084365582,True,2
B,BANK1,60,0.8691412788751255,1.0,0.6903064181804657,0.021579135934537787,0.6438469886779785,0.7274771332740784,Evidence at protein level,1.15,0.9995124707063943,True,3
B,CD22,60,0.8456436223635755,1.0,0.7518815236091614,0.008040720450796545,0.734996497631073,0.7650784850120544,Evidence at protein level,1.15,0.9724901657181118,True,4
B,SPIB,60,0.8414797455641111,1.0,0.6902122710943221,0.008243138389992622,0.6762869954109192,0.7071667909622192,Evidence at protein level,1.15,0.9677017073987276,True,5
B,TNFRSF13C,60,0.8344911282222967,1.0,0.6978564879894257,0.016872873295073337,0.6626101732254028,0.7281382083892822,Evidence at protein level,1.15,0.959664797455641,True,6
B,CD24,60,0.8298459993304318,1.0,0.6968088871240616,0.01946768867507835,0.6500396728515625,0.7256699800491333,Evidence at protein level,1.15,0.9543228992299965,True,7
B,BLNK,60,0.8083151991965182,1.0,0.6785486596822738,0.006578569544456837,0.665726363658905,0.6919296979904175,Evidence at protein level,1.15,0.9295624790759959,True,8
B,FCGR2B,60,0.8051347505858721,1.0,0.6991220018863677,0.027257913595518112,0.6345953941345215,0.7222364544868469,Evidence at protein level,1.15,0.9259049631737529,True,9
B,IGLL5,60,0.7987529293605624,1.0,0.6750567697286606,0.01966926734123038,0.6440320611000061,0.7273845672607422,Evidence at protein level,1.15,0.9185658687646467,True,10
CD4Tconv,GZMK,60,0.8818212253096753,1.0,0.7715158680677414,0.011883744316938274,0.7415682077407837,0.7881743907928467,Evidence at protein level,1.15,1.0140944091061266,True,1
CD4Tconv,GZMM,60,0.8571099765651156,1.0,0.7322436535358429,0.014522819145249425,0.6843221187591553,0.762671947479248,Evidence at protein level,1.15,0.9856764730498828,True,2
CD4Tconv,CD247,60,0.8455599263475059,1.0,0.6972771508693695,0.007888574142382362,0.6821888089179993,0.7100713849067688,Evidence at protein level,1.15,0.9723939152996317,True,3
CD4Tconv,ITK,60,0.8411449614998325,1.0,0.711253879904747,0.025733744615803484,0.6259564757347107,0.7381038665771484,Evidence at protein level,1.15,0.9673167057248073,True,4
CD4Tconv,ICOS,60,0.8714010713090058,0.964,0.6967023963332176,0.06538463919097084,0.5083215832710266,0.7576736807823181,Evidence at protein level,1.15,0.9660352276531637,True,5
CD4Tconv,CD5,60,0.8359348844994978,1.0,0.6970331455469132,0.013955837870481033,0.6797381639480591,0.7395142912864685,Evidence at protein level,1.15,0.9613251171744224,True,6
CD4Tconv,CD6,60,0.8329009039169736,1.0,0.6777471789121627,0.03385041556184158,0.5637297034263611,0.7052274346351624,Evidence at protein level,1.15,0.9578360395045196,True,7
CD4Tconv,GZMA,60,0.8275652828925343,1.0,0.6784139646291732,0.036807576347006,0.5895627737045288,0.7180051207542419,Evidence at protein level,1.15,0.9517000753264143,True,8
CD4Tconv,CTLA4,60,0.8270631067961165,1.0,0.6755648802518844,0.025991611868991557,0.5957334041595459,0.7127248048782349,Evidence at protein level,1.15,0.9511225728155339,True,9
CD4Tconv,ZAP70,60,0.8266446267157683,1.0,0.6427633990049362,0.05425564224974301,0.562319278717041,0.7302230596542358,Evidence at protein level,1.15,0.9506413207231335,True,10
CD8Tex,CD8B,60,0.8866755942417142,1.0,0.765823694229126,0.01183143516400083,0.7379099130630493,0.7847320437431335,Evidence at protein level,1.15,1.0196769333779712,True,1
CD8Tex,GZMK,60,0.8861734181452963,1.0,0.7665511289834976,0.012125736674943736,0.7378349900245667,0.7845557332038879,Evidence at protein level,1.15,1.0190994308670906,True,2
CD8Tex,XCL1,60,0.8773225644459324,1.0,0.7388811700344086,0.011910277139388801,0.7008110284805298,0.7535260915756226,Evidence at protein level,1.15,1.0089209491128222,True,3
CD8Tex,GZMA,60,0.8749372279879478,1.0,0.6957179112434387,0.03656907633847559,0.6079822182655334,0.7349303364753723,Evidence at protein level,1.15,1.00617781218614,True,4
CD8Tex,KLRD1,60,0.8743513558754603,1.0,0.7221237660646439,0.017937184450574115,0.6891748905181885,0.7492110133171082,Evidence at protein level,1.15,1.0055040592567792,True,5
CD8Tex,GZMM,60,0.8551849681955139,1.0,0.7275588837862015,0.014407712366421922,0.6792577505111694,0.7604945302009583,Evidence at protein level,1.15,0.9834627134248409,True,6
CD8Tex,CD247,60,0.8500795112152661,1.0,0.6931389290094375,0.008056164841653618,0.6777150630950928,0.7066378593444824,Evidence at protein level,1.15,0.977591437897556,True,7
CD8Tex,CD96,60,0.8391990291262136,1.0,0.6759460510015488,0.014182457523552468,0.6600757837295532,0.6990083456039429,Evidence at protein level,1.15,0.9650788834951456,True,8
CD8Tex,CTLA4,60,0.8286533311014396,1.0,0.6707891397476197,0.02556408201821443,0.5920045971870422,0.704782247543335,Evidence at protein level,1.15,0.9529513307666554,True,9
CD8Tex,ICOS,60,0.852987947773686,0.964,0.6828420314192772,0.06540700929811302,0.49418193101882935,0.7441819310188293,Evidence at protein level,1.15,0.9456224389019082,True,10
DC,CCL19,67,0.8916764312018748,1.0,0.7454520435333252,0.004394189489870153,0.736777126789093,0.754231333732605,Evidence at protein level,1.15,1.0254278958821559,True,1
DC,CSF2RA,67,0.8900652828925344,1.0,0.7613864597082138,0.0052876845004746435,0.7507889866828918,0.7716017365455627,Evidence at protein level,1.15,1.0235750753264146,True,2
DC,CPVL,67,0.8742048878473384,1.0,0.7218980971574783,0.007178408064435788,0.7052097916603088,0.7333436012268066,Evidence at protein level,1.15,1.005335621024439,True,3
DC,S100B,67,0.8652075661198527,1.0,0.7226907612085343,0.01354075568346467,0.6933885812759399,0.7474479675292969,Evidence at protein level,1.15,0.9949887010378305,True,4
DC,CFP,67,0.8466898225644459,1.0,0.6843046550750732,0.007554386276829588,0.6722496747970581,0.70504230260849,Evidence at protein level,1.15,0.9736932959491127,True,5
DC,MS4A7,67,0.840140609306997,0.996,0.6932626937627793,0.022357478470759095,0.6359793543815613,0.7275344133377075,Evidence at protein level,1.15,0.9622970539002342,True,6
DC,HCK,67,0.8384457649815868,0.99,0.6802200291156769,0.014819893001637604,0.6330086588859558,0.6995768547058105,Evidence at protein level,1.15,0.9545705034315365,True,7
DC,IDO1,67,0.8405381653833277,0.984,0.6629516932964324,0.024087271260570964,0.6266528367996216,0.7108030915260315,Evidence at protein level,1.15,0.9511529879477736,True,8
DC,VMO1,67,0.825493806494811,1.0,0.7289030321836472,0.008023577888204896,0.70953369140625,0.742158830165863,Evidence at protein level,1.15,0.9493178774690325,True,9
DC,FPR1,67,0.8248033143622363,1.0,0.7346392818689347,0.00999215715363277,0.7147302627563477,0.7535260915756226,Evidence at protein level,1.15,0.9485238115165717,True,10
Endothelial,SPARCL1,60,0.9118890190826916,1.0,0.7539749649763108,0.003796109384005867,0.7462887763977051,0.7611160278320312,Evidence at protein level,1.15,1.0486723719450952,True,1
Endothelial,MGP,60,0.9099640107130901,1.0,0.7506442182064056,0.006612129415366499,0.7312191724777222,0.7592604160308838,Evidence at protein level,1.15,1.0464586123200534,True,2
Endothelial,PLVAP,60,0.9090642785403416,1.0,0.7431431591510773,0.008514629420020547,0.7284908294677734,0.7595204710960388,Evidence at protein level,1.15,1.0454239203213926,True,3
Endothelial,COL15A1,60,0.9075159022430532,1.0,0.760832511305809,0.005996647860867954,0.7497311234474182,0.772214412689209,Evidence at protein level,1.15,1.0436432875795112,True,4
Endothelial,RAMP2,60,0.9052770338131905,1.0,0.7493582519292832,0.011817918063527675,0.7044208645820618,0.7734485268592834,Evidence at protein level,1.15,1.041068588885169,True,5
Endothelial,COL4A2,60,0.895631067961165,1.0,0.7277023983001709,0.0051328830112575274,0.717903733253479,0.7368696928024292,Evidence at protein level,1.15,1.0299757281553397,True,6
Endothelial,IGFBP5,60,0.8921367592902578,1.0,0.7334858952760697,0.008011088942296008,0.7133110165596008,0.7456849217414856,Evidence at protein level,1.15,1.0259572731837965,True,7
Endothelial,ESAM,60,0.8885169065952461,1.0,0.7243145277500153,0.009031543649422963,0.7096174359321594,0.7436530590057373,Evidence at protein level,1.15,1.021794442584533,True,8
Endothelial,TM4SF1,60,0.9006528289253432,0.982,0.7226540914773941,0.017991614462567498,0.6893335580825806,0.7422425746917725,Evidence at protein level,1.15,1.01710723970539,True,9
Endothelial,GNG11,60,0.8843321057917644,1.0,0.7063903379440307,0.009344836274346045,0.6902326941490173,0.7235543131828308,Evidence at protein level,1.15,1.016981921660529,True,10
Fibroblasts,COL1A2,60,0.9043563776364245,1.0,0.7527581100463867,0.0059016866691312024,0.7327706217765808,0.7612835168838501,Evidence at protein level,1.15,1.0400098342818882,True,1
Fibroblasts,COL3A1,60,0.9029335453632407,1.0,0.7443533148765564,0.010179070234003067,0.7252247929573059,0.7582951188087463,Evidence at protein level,1.15,1.0383735771677267,True,2
Fibroblasts,LUM,60,0.9017618011382658,1.0,0.7506875882148742,0.00369806654706052,0.7436530590057373,0.7574048042297363,Evidence at protein level,1.15,1.0370260713090056,True,3
Fibroblasts,BGN,60,0.8940617676598593,1.0,0.7455934430360794,0.007022026412655633,0.7258374691009521,0.7544164657592773,Evidence at protein level,1.15,1.0281710328088383,True,4
Fibroblasts,DCN,60,0.892869099430867,1.0,0.7441297594308853,0.008895295622376707,0.7276093363761902,0.7574973702430725,Evidence at protein level,1.15,1.026799464345497,True,5
Fibroblasts,RARRES2,60,0.8927226314027452,1.0,0.7454083223342896,0.006299071801724785,0.7252247929573059,0.7537024021148682,Evidence at protein level,1.15,1.0266310261131568,True,6
Fibroblasts,PTGDS,60,0.8885169065952461,1.0,0.7254679123163223,0.012466067663447412,0.7013222575187683,0.7447108626365662,Evidence at protein level,1.15,1.021794442584533,True,7
Fibroblasts,MGP,60,0.8830975895547372,1.0,0.7372422425746917,0.008687160321967957,0.7146288752555847,0.7517806887626648,Evidence at protein level,1.15,1.0155622279879477,True,8
Fibroblasts,CTHRC1,60,0.8827628054904586,1.0,0.7301248240470887,0.015678870212559395,0.6867639422416687,0.7454161047935486,Evidence at protein level,1.15,1.0151772263140273,True,9
Fibroblasts,IGFBP5,60,0.8825117174422498,1.0,0.7349866012334824,0.006656773255774065,0.71491539478302,0.7448034286499023,Evidence at protein level,1.15,1.0148884750585871,True,10
Malignant,KRT15,60,0.9120354871108136,1.0,0.7608314512968063,0.011013297955764867,0.7416211366653442,0.7768908739089966,Evidence at protein level,1.15,1.0488408101774356,True,1
Malignant,CLDN4,60,0.9092735185805156,1.0,0.7643437950611115,0.0074488853384569184,0.7454822063446045,0.7779486775398254,Evidence at protein level,1.15,1.0456645463675929,True,2
Malignant,S100A7,60,0.9077669902912622,1.0,0.7668321565389633,0.013855313016292243,0.7333083748817444,0.7889721393585205,Evidence at protein level,1.15,1.0439320388349513,True,3
Malignant,LY6D,60,0.9052561098091731,1.0,0.7611142455339431,0.012580524009835496,0.7338372468948364,0.7835904359817505,Evidence at protein level,1.15,1.041044526280549,True,4
Malignant,KRT6B,60,0.8966563441580181,1.0,0.7465990818738938,0.012902779194254829,0.717542290687561,0.7676304578781128,Evidence at protein level,1.15,1.0311547957817206,True,5
Malignant,SLPI,60,0.8961541680616003,1.0,0.7351086027622223,0.009908922046012254,0.7127071619033813,0.7485895752906799,Evidence at protein level,1.15,1.0305772932708404,True,6
Malignant,GPX2,60,0.8933712755272849,1.0,0.7536875886917114,0.011205571209141316,0.72988361120224,0.7738187909126282,Evidence at protein level,1.15,1.0273769668563775,True,7
Malignant,CALML3,60,0.8932038834951457,1.0,0.7465976719856262,0.012728972665018627,0.721875011920929,0.7681593894958496,Evidence at protein level,1.15,1.0271844660194174,True,8
Malignant,FXYD3,60,0.8911742551054569,1.0,0.7345444278717042,0.014916697290936481,0.7063161134719849,0.7646421194076538,Evidence at protein level,1.15,1.0248503933712754,True,9
Malignant,LGALS7B,60,0.885796786072983,1.0,0.7525359658002854,0.016086258242661536,0.720623254776001,0.7818539142608643,Evidence at protein level,1.15,1.0186663039839303,True,10
Mast,TPSAB1,66,0.9176640441914965,1.0,0.7696114234924316,0.017235070477556326,0.7328367233276367,0.7954028844833374,Evidence at protein level,1.15,1.055313650820221,True,1
Mast,GATA2,66,0.9132281553398058,1.0,0.7485624108314514,0.010719650639066039,0.7299012541770935,0.7664139866828918,Evidence at protein level,1.15,1.0502123786407767,True,2
Mast,SLC18A2,66,0.9117634750585872,1.0,0.7923021854162217,0.009002462432055679,0.7731708288192749,0.8075678944587708,Evidence at protein level,1.15,1.0485279963173753,True,3
Mast,IL1RL1,66,0.9075159022430532,1.0,0.769259167432785,0.013907356715394772,0.7456761002540588,0.7918767929077148,Evidence at protein level,1.15,1.0436432875795112,True,4
Mast,KIT,66,0.8902745229327084,1.0,0.7340409029722214,0.010434360816797217,0.7126983404159546,0.7517630457878113,Evidence at protein level,1.15,1.0238157013726146,True,5
Mast,CNRIP1,66,0.8861106461332441,1.0,0.7421706632375717,0.006039451812598464,0.7222276329994202,0.7507052421569824,Evidence at protein level,1.15,1.0190272430532306,True,6
Mast,NTRK1,66,0.8809005691329093,1.0,0.7678758816719056,0.008030380517215835,0.7523757219314575,0.7827089428901672,Evidence at protein level,1.15,1.0130356545028456,True,7
Mast,BTK,66,0.878536156678942,0.998,0.7329291259050369,0.013633744438563678,0.6948166489601135,0.7456849217414856,Evidence at protein level,1.15,1.0082959470204218,True,8
Mast,MAOB,66,0.8738701037830598,1.0,0.722239776134491,0.005296999512512439,0.7120944857597351,0.7313116788864136,Evidence at protein level,1.15,1.0049506193505187,True,9
Mast,RAB27B,66,0.871882323401406,0.996,0.7278004229068756,0.012301305615995918,0.7055712342262268,0.7436530590057373,Evidence at protein level,1.15,0.9986540132239704,True,10
Mono/Macro,MMP12,67,0.9015316370940742,1.0,0.7538363888263703,0.006597829637543845,0.7407395839691162,0.7661362886428833,Evidence at protein level,1.15,1.0367613826581854,True,1
Mono/Macro,OLR1,67,0.8914253431536658,1.0,0.7582256704568863,0.00802216823132231,0.7421500086784363,0.7712491154670715,Evidence at protein level,1.15,1.0251391446267157,True,2
Mono/Macro,C5AR1,67,0.8901699029126214,1.0,0.7318057116270066,0.010240366287504918,0.7105914950370789,0.7535437345504761,Evidence at protein level,1.15,1.0236953883495146,True,3
Mono/Macro,CSF1R,67,0.8852946099765651,1.0,0.7405789843797683,0.010233669730774548,0.7197505235671997,0.7567083835601807,Evidence at protein level,1.15,1.0180888014730498,True,4
Mono/Macro,MMP19,67,0.8817166052895883,1.0,0.7217147397994995,0.00794799647274144,0.703270435333252,0.7332510352134705,Evidence at protein level,1.15,1.0139740960830264,True,5
Mono/Macro,TREM2,67,0.8794358888516907,1.0,0.7382877295017243,0.007229902740429437,0.7218573689460754,0.7512429356575012,Evidence at protein level,1.15,1.0113512721794442,True,6
Mono/Macro,FPR1,67,0.8713382992969534,1.0,0.7379516915082932,0.00916554493742936,0.7207245826721191,0.7556505799293518,Evidence at protein level,1.15,1.0020390441914964,True,7
Mono/Macro,PLA2G7,67,0.8694969869434215,1.0,0.742848026394844,0.007513021505168537,0.7278693318367004,0.7561706900596619,Evidence at protein level,1.15,0.9999215349849346,True,8
Mono/Macro,TREM1,67,0.8685763307666555,1.0,0.7109827206134797,0.01033873502367949,0.6896112561225891,0.7271906137466431,Evidence at protein level,1.15,0.9988627803816538,True,9
Mono/Macro,PILRA,67,0.8666094743890191,1.0,0.7283106495141983,0.013497565885154363,0.7008947730064392,0.7482457756996155,Evidence at protein level,1.15,0.996600895547372,True,10
Pericytes,COL1A2,59,0.9140651155005022,1.0,0.749439351439476,0.005956688398853087,0.7292798161506653,0.7578499913215637,Evidence at protein level,1.15,1.0511748828255774,True,1
Pericytes,SPARCL1,59,0.9138977234683628,1.0,0.7501371656656265,0.0038696816342202235,0.7424188852310181,0.7575811147689819,Evidence at protein level,1.15,1.0509823819886173,True,2
Pericytes,BGN,59,0.9137303314362236,1.0,0.7480610008239746,0.007033938433468856,0.728045642375946,0.7571447491645813,Evidence at protein level,1.15,1.0507898811516572,True,3
Pericytes,COL3A1,59,0.9133118513558754,1.0,0.7420352594852447,0.010289060988142,0.7230077385902405,0.756003201007843,Evidence at protein level,1.15,1.0503086290592567,True,4
Pericytes,MGP,59,0.9130607633076665,1.0,0.7470885043144226,0.006687255390707912,0.7269878387451172,0.7564395070075989,Evidence at protein level,1.15,1.0500198778038163,True,5
Pericytes,RGS5,59,0.9078506863073318,1.0,0.7335955574512482,0.00937887731939946,0.7105914950370789,0.7533762454986572,Evidence at protein level,1.15,1.0440282892534314,True,6
Pericytes,CALD1,59,0.9038332775359893,1.0,0.7245137531757355,0.011120003442382514,0.7020363211631775,0.7412949800491333,Evidence at protein level,1.15,1.0394082691663875,True,7
Pericytes,LUM,59,0.9023476732507533,1.0,0.7393117061853409,0.004428714579258241,0.7306064963340759,0.7481532096862793,Evidence at protein level,1.15,1.0376998242383662,True,8
Pericytes,COL4A2,59,0.895631067961165,1.0,0.7242306063175201,0.005183550191774994,0.7143776416778564,0.7334361672401428,Evidence at protein level,1.15,1.0299757281553397,True,9
Pericytes,DCN,59,0.8926180113826582,1.0,0.733232017159462,0.00896118452914578,0.7155280113220215,0.7470028400421143,Evidence at protein level,1.15,1.0265107130900568,True,10
Plasma,IGHV4-34,60,0.9061139939738868,1.0,0.7403787026405334,0.02161382731083403,0.6940850019454956,0.773624837398529,Evidence at protein level,1.15,1.0420310930699697,True,1
Plasma,IGHV3-7,60,0.9014479410780047,1.0,0.7373011285066604,0.019305284209583044,0.6953367590904236,0.7742639780044556,Evidence at protein level,1.15,1.0366651322397054,True,2
Plasma,DNAAF1,60,0.8977862403749581,1.0,0.7663952741622925,0.00834129661703631,0.7518291473388672,0.7850934267044067,Evidence at protein level,1.15,1.0324541764312019,True,3
Plasma,IGHG4,60,0.8960913960495481,1.0,0.7272711567878724,0.03231925622041173,0.6698563098907471,0.7828940749168396,Evidence at protein level,1.15,1.0305051054569803,True,4
Plasma,JSRP1,60,0.8946476397723468,1.0,0.7427951337099076,0.012360271235552323,0.6916431784629822,0.758109986782074,Evidence at protein level,1.15,1.0288447857381988,True,5
Plasma,IGLL5,60,0.8785152326749246,1.0,0.6909065599441528,0.018782156183575635,0.6628129482269287,0.7405897974967957,Evidence at protein level,1.15,1.0102925175761632,True,6
Plasma,IGLV6-57,60,0.8777201205222631,1.0,0.6998529614210128,0.023471236389080677,0.6560869216918945,0.7492287158966064,Evidence at protein level,1.15,1.0093781386006024,True,7
Plasma,RASSF6,60,0.873514395714764,1.0,0.7636502128839493,0.01234439960749938,0.7405368685722351,0.7843794226646423,Evidence at protein level,1.15,1.0045415550719785,True,8
Plasma,MEF2B,60,0.8583863408101775,1.0,0.763295485496521,0.013407390094970457,0.7470028400421143,0.7903825640678406,Evidence at protein level,1.15,0.987144291931704,True,9
Plasma,FCGR2B,60,0.854013223970539,1.0,0.7092574046850204,0.027074542664477105,0.6444684267044067,0.7304301857948303,Evidence at protein level,1.15,0.9821152075661198,True,10
Tprolif,GZMA,60,0.8734306996986944,1.0,0.6959788429737092,0.03655480115170132,0.6080747246742249,0.7349303364753723,Evidence at protein level,1.15,1.0044453046534985,True,1
Tprolif,CD8B,60,0.8536156678942082,1.0,0.7429139629602433,0.015760476739253983,0.708652138710022,0.7679081559181213,Evidence at protein level,1.15,0.9816580180783393,True,2
Tprolif,CD247,60,0.8369392366923334,1.0,0.6851488007307053,0.008148900548775508,0.6701340079307556,0.6992242336273193,Evidence at protein level,1.15,0.9624801221961833,True,3
Tprolif,GZMK,60,0.8291764312018748,1.0,0.7225067006349564,0.017889814128122912,0.6851947903633118,0.7559943795204163,Evidence at protein level,1.15,0.953552895882156,True,4
Tprolif,ICOS,60,0.851146635420154,0.964,0.6824943583011627,0.06542360923022951,0.49539846181869507,0.7441907525062561,Evidence at protein level,1.15,0.9435811600267826,True,5
Tprolif,CTLA4,60,0.8181076330766656,0.996,0.6626346958875656,0.025641095597367557,0.5850538015365601,0.6990744471549988,Evidence at protein level,1.15,0.9370604829260127,True,6
Tprolif,KLRD1,60,0.8112445597589555,1.0,0.6750779254436493,0.019385363548849826,0.6386591792106628,0.7075105905532837,Evidence at protein level,1.15,0.9329312437227988,True,7
Tprolif,PKMYT1,60,0.8217902577837295,0.986,0.6446861777305603,0.040405412004155435,0.5671941041946411,0.6871517896652222,Evidence at protein level,1.15,0.9318279733009708,True,8
Tprolif,CD96,60,0.8138391362571141,0.994,0.6585955572128296,0.014460624234337867,0.6411186456680298,0.6798660755157471,Evidence at protein level,1.15,0.930299516655507,True,9
Tprolif,XCL1,60,0.8062646468028122,1.0,0.6871632587909698,0.018720615016390274,0.6447373032569885,0.722765326499939,Evidence at protein level,1.15,0.9272043438232339,True,10
Treg,CTLA4,60,0.8658980582524273,1.0,0.6916819462776184,0.025452590130650526,0.6145054697990417,0.7258551120758057,Evidence at protein level,1.15,0.9957827669902913,True,1
Treg,CD247,60,0.849661031134918,1.0,0.6946875863075256,0.007908707794103381,0.6794252395629883,0.7072505354881287,Evidence at protein level,1.15,0.9771101858051556,True,2
Treg,ICOS,60,0.8804402410445263,0.964,0.6995740478634834,0.06535177752821658,0.5111424326896667,0.7604019641876221,Evidence at protein level,1.15,0.9760560512219618,True,3
Treg,CD5,60,0.8284022430532306,1.0,0.6895035263299942,0.013986077933541867,0.6713593006134033,0.731756865978241,Evidence at protein level,1.15,0.9526625795112151,True,4
Treg,ITK,60,0.8222296618680951,1.0,0.7032997171878814,0.025611793594825114,0.62013840675354,0.7310516834259033,Evidence at protein level,1.15,0.9455641111483093,True,5
Treg,GZMM,60,0.8165174087713425,1.0,0.7143106480836868,0.014579634448693602,0.6678067445755005,0.7448034286499023,Evidence at protein level,1.15,0.9389950200870438,True,6
Treg,GZMA,60,0.8027912621359223,1.0,0.665208744764328,0.036785120828650215,0.5771949887275696,0.7054963111877441,Evidence at protein level,1.15,0.9232099514563106,True,7
Treg,CD96,60,0.8021216940073652,0.998,0.6618755295276642,0.014336552412470253,0.6462402939796448,0.6853227019309998,Evidence at protein level,1.15,0.920595068212253,True,8
Treg,ZAP70,60,0.8031260462002009,0.97,0.6312309597730636,0.054220544660450454,0.5510357618331909,0.7190629243850708,Evidence at protein level,1.15,0.895887104536324,True,9
Treg,CD6,60,0.7919735520589221,0.966,0.6545701680183411,0.03396043478510413,0.5415902733802795,0.6831893920898438,Evidence at protein level,1.15,0.8798034189822564,True,10
