feature,family,log_hazard_ratio_per_sd,hazard_ratio_per_sd,ci95_low,ci95_high,p_value,n,events,error,fdr_bh,valid_training_splits,split_log_hr_median,split_log_hr_q25,split_log_hr_q75,direction_consistency,gene,state,state_rank,prominence_score,bootstrap_selection_frequency,stable_marker,hpa_evidence
PTGDS,gene,-0.3051351121402313,0.7370237868027968,0.5710725946892865,0.9511996677212028,0.019060041593535,182,77,,0.9172562174922776,50,-0.3033852810825492,-0.3543460412020734,-0.2591824787195903,1.0,PTGDS,Fibroblasts,7,1.021794442584533,1.0,True,Evidence at protein level
XCL1,gene,0.273334129342844,1.3143393308017746,0.9998755424917388,1.7277029020906665,0.0501043667568259,182,77,,0.9172562174922776,50,0.261760573307518,0.1960762599092211,0.3318542758473148,1.0,XCL1,CD8Tex,3,1.0089209491128222,1.0,True,Evidence at protein level
VPREB3,gene,-0.2783050990445427,0.757065806220721,0.5688149699500217,1.0076187604538418,0.0564001035759587,182,77,,0.9172562174922776,50,-0.2843483317931614,-0.3439939169522901,-0.2211354725374824,1.0,VPREB3,B,1,1.0382532641446267,1.0,True,Evidence at protein level
MMP12,gene,0.2552619510038301,1.2907997028684075,0.9903333174562782,1.6824273641573495,0.0590106585381434,182,77,,0.9172562174922776,50,0.2728613634266728,0.220933944990406,0.3569868203191956,1.0,MMP12,Mono/Macro,1,1.0367613826581854,1.0,True,Evidence at protein level
C5AR1,gene,0.1906295618681709,1.2100111347852531,0.991637107668592,1.4764745439453757,0.0604821325147819,182,77,,0.9172562174922776,50,0.2006514819366564,0.1537483293446901,0.2516196438662672,1.0,C5AR1,Mono/Macro,3,1.0236953883495146,1.0,True,Evidence at protein level
CPVL,gene,0.1718101394565169,1.1874523614597812,0.9586432756310586,1.4708736258627624,0.1156682894186683,182,77,,0.9172562174922776,50,0.1708426450891925,0.1243287687334689,0.209601762053159,1.0,CPVL,DC,3,1.005335621024439,1.0,True,Evidence at protein level
IDO1,gene,0.1839663541789002,1.2019753809673166,0.9536075289165828,1.5150308409298494,0.1192967173835957,182,77,,0.9172562174922776,50,0.1966076770688562,0.1359869974523117,0.2274302479258998,1.0,IDO1,DC,8,0.9511529879477736,0.984,True,Evidence at protein level
MAOB,gene,-0.1931641971821622,0.8243466076359143,0.6354825081310461,1.0693407305881455,0.145675231749699,182,77,,0.9172562174922776,50,-0.2141956784880436,-0.2496473506951042,-0.1563876687042281,1.0,MAOB,Mast,9,1.0049506193505189,1.0,True,Evidence at protein level
TREM2,gene,0.1717833306005409,1.1874205276471606,0.9388177314183042,1.5018543667126685,0.1517937257005963,182,77,,0.9172562174922776,50,0.1791479309713111,0.1196059758049085,0.2304897066837577,1.0,TREM2,Mono/Macro,6,1.0113512721794442,1.0,True,Evidence at protein level
ICOS,gene,0.1668030751727299,1.1815215714661391,0.9343869123854892,1.4940205233352908,0.163573603831953,182,77,,0.9172562174922776,50,0.152292557507615,0.1214033063956504,0.2253055783800576,1.0,ICOS,Treg,3,0.9760560512219618,0.964,True,Evidence at protein level
LGALS7B,gene,-0.2053491011821276,0.8143629717056624,0.6097888308504594,1.0875683779913528,0.1641524413539636,182,77,,0.9172562174922776,50,-0.199753734771421,-0.2530596416856053,-0.1346587637030722,0.98,LGALS7B,Malignant,10,1.0186663039839303,1.0,True,Evidence at protein level
MS4A7,gene,0.1533471842699475,1.1657296316852723,0.9376043034122378,1.4493593611329667,0.1675495900604651,182,77,,0.9172562174922776,50,0.1595179628572327,0.1001272902299601,0.2045202500914683,1.0,MS4A7,DC,6,0.9622970539002342,0.996,True,Evidence at protein level
CFP,gene,0.1769502978298678,1.1935717685457656,0.922938189075766,1.5435633540054077,0.1774245659741784,182,77,,0.9172562174922776,50,0.1683059298027333,0.1055559261557356,0.221883823163267,1.0,CFP,DC,5,0.9736932959491128,1.0,True,Evidence at protein level
CD5,gene,0.1618924857968971,1.175733826440013,0.9288889613653762,1.4881757541863292,0.1781561001423792,182,77,,0.9172562174922776,50,0.1519576198044829,0.1280732222928665,0.1991438805965837,1.0,CD5,CD4Tconv,6,0.9613251171744224,1.0,True,Evidence at protein level
CALD1,gene,0.1464267793489925,1.1576901608877943,0.934650564017207,1.433954635255249,0.1799133130661835,182,77,,0.9172562174922776,50,0.1401489010497003,0.1043058287424901,0.1791380532895503,0.98,CALD1,Pericytes,7,1.0394082691663875,1.0,True,Evidence at protein level
TNFRSF13C,gene,-0.1843181845354087,0.8316711368281472,0.631333602051718,1.095580652740802,0.1899290143338497,182,77,,0.9172562174922776,50,-0.2021326629338214,-0.2649457293893845,-0.1233727872277905,0.98,TNFRSF13C,B,6,0.959664797455641,1.0,True,Evidence at protein level
BLNK,gene,-0.1534464294590943,0.8577467129234393,0.6794337976091774,1.0828566758378566,0.1968775914699844,182,77,,0.9172562174922776,50,-0.1558219440135945,-0.1900805080644995,-0.1080652704187689,0.98,BLNK,B,8,0.929562479075996,1.0,True,Evidence at protein level
GZMA,gene,0.1477814872250743,1.1592595556625254,0.9221842841253288,1.4572821729113707,0.2055191614226811,182,77,,0.9172562174922776,50,0.1609972231573863,0.0965508690084563,0.1936974040366461,0.98,GZMA,CD8Tex,4,1.00617781218614,1.0,True,Evidence at protein level
CD96,gene,0.1495930304994372,1.1613615078276511,0.9209014607191924,1.464608983039705,0.2062997642941324,182,77,,0.9172562174922776,50,0.1532394740729056,0.1036560371723063,0.1970497635619865,1.0,CD96,CD8Tex,8,0.9650788834951456,1.0,True,Evidence at protein level
LY6D,gene,-0.2007048694198846,0.8181538581487006,0.598649664562123,1.1181426721306411,0.2079197663399728,182,77,,0.9172562174922776,50,-0.2078353067691922,-0.2816240978313224,-0.1230268916500085,0.86,LY6D,Malignant,4,1.041044526280549,1.0,True,Evidence at protein level
TREM1,gene,0.1466960497224213,1.1580019345235493,0.9169760354429468,1.4623811621342162,0.2179376460430691,182,77,,0.9172562174922776,50,0.1592298750527192,0.1079821245705614,0.2023234536427534,0.96,TREM1,Mono/Macro,9,0.9988627803816538,1.0,True,Evidence at protein level
GATA2,gene,-0.1368779619504599,0.8720766461712784,0.6993734826049312,1.087427098271831,0.2241335608047222,182,77,,0.9172562174922776,50,-0.1377025424667754,-0.1723808823155777,-0.086080550488097,1.0,GATA2,Mast,2,1.0502123786407769,1.0,True,Evidence at protein level
CCL19,gene,-0.1408699418560176,0.8686022731512351,0.6903572580601379,1.092868801066143,0.2293140543730694,182,77,,0.9172562174922776,50,-0.1270158302984086,-0.1787479182424967,-0.1004389859726656,1.0,CCL19,DC,1,1.025427895882156,1.0,True,Evidence at protein level
PLA2G7,gene,0.1260967584634228,1.1343919249925756,0.9123475434033428,1.410476795594829,0.2565544892514493,182,77,,0.925882196077601,50,0.1419132174222538,0.0843719136773961,0.1806607829422967,1.0,PLA2G7,Mono/Macro,8,0.9999215349849346,1.0,True,Evidence at protein level
CD247,gene,0.1416269759212509,1.152146789873297,0.8997005518538981,1.4754267102315912,0.2617070037976695,182,77,,0.925882196077601,50,0.1445032739336564,0.0928706325020821,0.193364838168194,0.96,CD247,CD8Tex,7,0.977591437897556,1.0,True,Evidence at protein level
PILRA,gene,0.1135909460800329,1.12029377058636,0.9177640690274654,1.367517180907465,0.2642135204667127,182,77,,0.925882196077601,50,0.1236020370651497,0.0713977700830338,0.16312849130732,0.98,PILRA,Mono/Macro,10,0.996600895547372,1.0,True,Evidence at protein level
PLVAP,gene,0.1707213205175861,1.1861601444623788,0.8748369952352402,1.608272050649483,0.2717262966749481,182,77,,0.925882196077601,50,0.1712659040763199,0.1261461370134631,0.2043049733927128,0.96,PLVAP,Endothelial,3,1.0454239203213926,1.0,True,Evidence at protein level
KRT15,gene,-0.1598221899329495,0.8522953221821304,0.6331096536183811,1.1473641446816374,0.29203286109487,182,77,,0.9540723929676737,50,-0.1711815274208198,-0.2203148520444852,-0.0837074781257343,0.86,KRT15,Malignant,1,1.0488408101774356,1.0,True,Evidence at protein level
ITK,gene,0.1252937232255318,1.1334813339705008,0.8892113821746574,1.444853226369511,0.3116472070775047,182,77,,0.9540723929676737,50,0.1101529636547839,0.0748511610019343,0.1839756666424043,1.0,ITK,CD4Tconv,4,0.9673167057248072,1.0,True,Evidence at protein level
HCK,gene,0.1152619753692302,1.1221673792810385,0.8949434150690924,1.4070829573345207,0.3180542212232732,182,77,,0.9540723929676737,50,0.1249058536866607,0.0765174435275183,0.1701151822648568,0.96,HCK,DC,7,0.9545705034315364,0.99,True,Evidence at protein level
SLPI,gene,-0.1140661458531059,0.8921989386706194,0.7114994932964694,1.1187906016305376,0.3232243189441902,182,77,,0.9540723929676737,50,-0.1137724048100239,-0.1548326644649097,-0.0490556397632651,0.94,SLPI,Malignant,6,1.0305772932708404,1.0,True,Evidence at protein level
CD6,gene,0.1173206261734481,1.1244799095883342,0.8806269308298994,1.435857822195116,0.3468632901375121,182,77,,0.9540723929676737,50,0.1042211486198403,0.0736399797342846,0.1815000751239101,0.96,CD6,CD4Tconv,7,0.9578360395045196,1.0,True,Evidence at protein level
CD19,gene,-0.1316112084280676,0.8766817753143479,0.6645277942243515,1.1565670267643302,0.3518470097312224,182,77,,0.9540723929676737,50,-0.1416087092491793,-0.2031573304574566,-0.0755810726583274,1.0,CD19,B,2,1.0283154084365582,1.0,True,Evidence at protein level
MGP,gene,-0.0972439391184144,0.9073346447216762,0.7353622708855237,1.11952460726717,0.3644311740937626,182,77,,0.9540723929676737,50,-0.1045184211931737,-0.1283359861619221,-0.0809759396522204,0.98,MGP,Pericytes,5,1.0500198778038163,1.0,True,Evidence at protein level
DNAAF1,gene,0.1214766059223582,1.1291629498904494,0.8635867586301694,1.4764109739567273,0.3745735407281158,182,77,,0.9540723929676737,50,0.1218558396878705,0.0875971384364086,0.1700095924356564,0.94,DNAAF1,Plasma,3,1.032454176431202,1.0,True,Evidence at protein level
RAB27B,gene,-0.0873399337372766,0.916365539119443,0.753276792001617,1.1147639356501835,0.3824119455167333,182,77,,0.9540723929676737,50,-0.0719955624373644,-0.1350485763102361,-0.0182687434428774,0.86,RAB27B,Mast,10,0.9986540132239704,0.996,True,Evidence at protein level
S100B,gene,0.1097768638823231,1.1160290162915043,0.8717771099347913,1.428714692104898,0.3837030276065644,182,77,,0.9540723929676737,50,0.1176669331500085,0.0647244020636754,0.1736828567153277,0.9,S100B,DC,4,0.9949887010378304,1.0,True,Evidence at protein level
KRT6B,gene,-0.1194603320306363,0.8873992084454911,0.6685602865459594,1.1778703745896968,0.4083217269566735,182,77,,0.986490966722809,50,-0.1181882595619517,-0.1792077770990099,-0.0543215684584466,0.84,KRT6B,Malignant,5,1.0311547957817206,1.0,True,Evidence at protein level
KIT,gene,-0.0956488346071959,0.9087830932129036,0.7108567961521961,1.1618186883491353,0.445345832830146,182,77,,0.986490966722809,50,-0.0844903364652172,-0.130541429497227,-0.053035367490292,0.94,KIT,Mast,5,1.0238157013726146,1.0,True,Evidence at protein level
CSF2RA,gene,0.0833285246033739,1.0868988229057297,0.8721027836331517,1.3545984182190076,0.4582251222379814,182,77,,0.986490966722809,50,0.0904528716081218,0.0468235661046564,0.1387983650547624,0.92,CSF2RA,DC,2,1.0235750753264146,1.0,True,Evidence at protein level
MMP19,gene,0.0807410879225024,1.084090176187669,0.8718362270904212,1.3480186686308937,0.467675553083946,182,77,,0.986490966722809,50,0.0777685883795788,0.0480342600925112,0.1280228576605653,0.9,MMP19,Mono/Macro,5,1.0139740960830264,1.0,True,Evidence at protein level
NTRK1,gene,-0.0776489625093105,0.925289180731923,0.7482808259712204,1.144169459197772,0.4735193719891483,182,77,,0.986490966722809,50,-0.0825772957054829,-0.1158860814716822,-0.0460849475577694,0.88,NTRK1,Mast,7,1.0130356545028456,1.0,True,Evidence at protein level
IGHV3-7,gene,0.0814039531241609,1.0848090200628977,0.8647985294693488,1.3607916409524077,0.4814923983634951,182,77,,0.986490966722809,50,0.0755729323930882,0.0298713328085893,0.1295647706170808,0.9,IGHV3-7,Plasma,2,1.0366651322397054,1.0,True,Evidence at protein level
GZMK,gene,-0.08179625337253,0.9214596838744522,0.7225364696397912,1.1751489159146586,0.5097511948666029,182,77,,0.986490966722809,50,-0.0771775428833916,-0.1189626526043503,-0.0436844982550988,0.88,GZMK,CD8Tex,2,1.0190994308670906,1.0,True,Evidence at protein level
LUM,gene,0.0667578498954329,1.0690365795101815,0.8737314626042822,1.307998232001892,0.5166149533775879,182,77,,0.986490966722809,50,0.0572269145510023,0.0185695512122386,0.1062332276708304,0.84,LUM,Pericytes,8,1.0376998242383662,1.0,True,Evidence at protein level
COL4A2,gene,0.081760712051684,1.085196104409255,0.843766646661404,1.3957064902775227,0.524245582546714,182,77,,0.986490966722809,50,0.0848892088200702,0.0469836934128619,0.1282651546183617,0.94,COL4A2,Pericytes,9,1.0299757281553397,1.0,True,Evidence at protein level
CD22,gene,-0.073160028222152,0.9294520795601064,0.7392421554297413,1.1686037678633316,0.5311545750065128,182,77,,0.986490966722809,50,-0.0689686155798792,-0.1237862631009683,-0.0180350275432017,0.84,CD22,B,4,0.9724901657181118,1.0,True,Evidence at protein level
GPX2,gene,-0.0839393553604564,0.9194870163629992,0.6966506758744779,1.213601597671405,0.5533216399483412,182,77,,0.986490966722809,50,-0.06581046664757,-0.1253020809662765,-0.0303155719574177,0.88,GPX2,Malignant,7,1.0273769668563777,1.0,True,Evidence at protein level
IL1RL1,gene,0.0832179095736753,1.086778602209385,0.8244223861528068,1.432624526041521,0.5549652563869905,182,77,,0.986490966722809,50,0.0860632919997914,0.0435112864948426,0.128645402782899,0.88,IL1RL1,Mast,4,1.0436432875795112,1.0,True,Evidence at protein level
IGFBP5,gene,0.0611486517298587,1.0630569276936537,0.8545262320525318,1.3224755298653,0.5830956205719793,182,77,,0.986490966722809,50,0.0566739917171853,0.0139171523411736,0.0986833698366246,0.8,IGFBP5,Endothelial,7,1.0259572731837965,1.0,True,Evidence at protein level
CSF1R,gene,0.0582728042981254,1.060004129952644,0.8555199345822284,1.3133636167874314,0.5940958005625382,182,77,,0.986490966722809,50,0.0607146424210554,0.014484575682966,0.1075206398454896,0.86,CSF1R,Mono/Macro,4,1.0180888014730498,1.0,True,Evidence at protein level
IGLV6-57,gene,0.0569019744833701,1.0585520401988997,0.8488170051050254,1.3201107129923808,0.613511326984978,182,77,,0.986490966722809,50,0.053390183104038,0.0068302068425873,0.0912000797309968,0.8,IGLV6-57,Plasma,7,1.0093781386006024,1.0,True,Evidence at protein level
RARRES2,gene,-0.0538075464341391,0.9476144607359042,0.7654863177423903,1.1730753971464114,0.6212291648098034,182,77,,0.986490966722809,50,-0.0642092572180726,-0.0911891322180437,-0.0166099856131063,0.82,RARRES2,Fibroblasts,6,1.0266310261131568,1.0,True,Evidence at protein level
GZMM,gene,0.0615401321508299,1.06347317513827,0.8326799580886721,1.358235157760619,0.6219954271313732,182,77,,0.986490966722809,50,0.0644512760529655,0.0158972029936636,0.1031704999425223,0.82,GZMM,CD4Tconv,2,0.9856764730498828,1.0,True,Evidence at protein level
JSRP1,gene,0.05992694642297,1.0617589784207624,0.8181833845744126,1.3778477411191814,0.6521942690371288,182,77,,0.986490966722809,50,0.0652910131224993,-0.0109406881628378,0.121197365671408,0.68,JSRP1,Plasma,5,1.0288447857381988,1.0,True,Evidence at protein level
ZAP70,gene,0.0545204370655584,1.0560340584304715,0.8318233338470117,1.340678828288605,0.6543335364246028,182,77,,0.986490966722809,50,0.0458480270145949,0.0038397559084807,0.1121871243102432,0.78,ZAP70,CD4Tconv,10,0.9506413207231336,1.0,True,Evidence at protein level
GNG11,gene,-0.0476808696806011,0.9534380095081234,0.7710344072455707,1.1789928301932269,0.6598601361190131,182,77,,0.986490966722809,50,-0.0597601679693787,-0.0832058172299218,0.001503525584422,0.74,GNG11,Endothelial,10,1.016981921660529,1.0,True,Evidence at protein level
MEF2B,gene,0.0546486378889923,1.0561694515449056,0.8256524612121385,1.3510453402379647,0.6635644310540751,182,77,,0.986490966722809,50,0.0488603372259707,0.0085417324865658,0.1022061323667665,0.8,MEF2B,Plasma,9,0.987144291931704,1.0,True,Evidence at protein level
FXYD3,gene,-0.0546167352261583,0.9468479718940352,0.732835635338954,1.2233590161935637,0.6760952671138549,182,77,,0.986490966722809,50,-0.0439281402293193,-0.1189183196678864,0.011458616752581,0.7,FXYD3,Malignant,9,1.0248503933712754,1.0,True,Evidence at protein level
CTLA4,gene,0.050727499405361,1.05203617373643,0.8232408623874575,1.3444183366217342,0.6851648528767769,182,77,,0.986490966722809,50,0.0428502347583889,0.0084077751584361,0.0888419742239702,0.8,CTLA4,Treg,1,0.9957827669902912,1.0,True,Evidence at protein level
KLRD1,gene,-0.0433063887459579,0.9576179417544152,0.7756581736646075,1.1822632101424675,0.6871159144694045,182,77,,0.986490966722809,50,-0.0379335688353085,-0.0946968714678115,-0.0040491604077728,0.78,KLRD1,CD8Tex,5,1.0055040592567792,1.0,True,Evidence at protein level
CD8B,gene,0.044226458961674,1.045219027304783,0.8212429086389473,1.3302797546837115,0.7192699602920594,182,77,,0.986490966722809,50,0.0474417310327812,-0.0060543438707219,0.09481966098224,0.72,CD8B,CD8Tex,1,1.0196769333779712,1.0,True,Evidence at protein level
TPSAB1,gene,-0.0418457985534101,0.9590176510803704,0.7622543585788129,1.2065721169485677,0.720965830589551,182,77,,0.986490966722809,50,-0.0497664616056728,-0.0713195330154925,0.0077267064009584,0.68,TPSAB1,Mast,1,1.055313650820221,1.0,True,Evidence at protein level
RASSF6,gene,0.0537087974531262,1.0551772870983818,0.7670552527273532,1.4515239981076749,0.7413322482481282,182,77,,0.986490966722809,50,0.0338803342482621,-0.0262502584949745,0.1022603080207027,0.58,RASSF6,Plasma,8,1.0045415550719785,1.0,True,Evidence at protein level
COL3A1,gene,0.0325627147805646,1.0330986816694747,0.841292720463442,1.268634400496498,0.7559890856500131,182,77,,0.986490966722809,50,0.036788454873498,-0.0127309646587206,0.0696482165715388,0.68,COL3A1,Pericytes,4,1.0503086290592567,1.0,True,Evidence at protein level
CD24,gene,0.0368864670090418,1.0375752151333484,0.8031638436840478,1.3404018812910072,0.7777017724960198,182,77,,0.986490966722809,50,0.0368472229092566,-0.0086124387360047,0.1081537687947438,0.7,CD24,B,7,0.9543228992299964,1.0,True,Evidence at protein level
BTK,gene,0.0299930441238967,1.0304473662643774,0.8290465048534961,1.2807746832354483,0.7869203207401729,182,77,,0.986490966722809,50,0.0166995916293857,-0.0207477711503636,0.0779996347980295,0.62,BTK,Mast,8,1.0082959470204218,0.998,True,Evidence at protein level
S100A7,gene,-0.0374964097750898,0.9631978758116212,0.7314162023628049,1.268429855629349,0.7894891196043562,182,77,,0.986490966722809,50,-0.047580026413371,-0.0846924414122853,0.014657477476944,0.66,S100A7,Malignant,3,1.0439320388349511,1.0,True,Evidence at protein level
RGS5,gene,-0.0353437079981258,0.9652735869824196,0.7317451902696832,1.273329992620124,0.8025103168189951,182,77,,0.986490966722809,50,-0.0381019091553493,-0.0796976154546938,0.0032750780040755,0.7,RGS5,Pericytes,6,1.0440282892534314,1.0,True,Evidence at protein level
COL1A2,gene,0.024827020943239,1.025137777820727,0.8303208711958421,1.2656642750671596,0.8174173530039082,182,77,,0.986490966722809,50,0.0261775280737339,-0.0220349021531693,0.0625144602479135,0.68,COL1A2,Pericytes,1,1.0511748828255774,1.0,True,Evidence at protein level
IGHG4,gene,-0.0254272889400998,0.974893261911086,0.7826670543362878,1.2143310068488873,0.8204850171790142,182,77,,0.986490966722809,50,-0.0313349123758108,-0.0634115611590057,0.0263731927011335,0.64,IGHG4,Plasma,4,1.0305051054569805,1.0,True,Evidence at protein level
SLC18A2,gene,-0.0295769478047808,0.9708561695159158,0.7516539866976226,1.2539835064645148,0.8207885644088697,182,77,,0.986490966722809,50,-0.0311246141857297,-0.0768129069108533,0.0097351168093751,0.7,SLC18A2,Mast,3,1.0485279963173753,1.0,True,Evidence at protein level
COL15A1,gene,-0.0269444733749535,0.973415290489594,0.7706495928928779,1.2295306926745506,0.8211288611556593,182,77,,0.986490966722809,50,-0.0182926709632742,-0.0501142589204561,0.0106276265731616,0.72,COL15A1,Endothelial,4,1.0436432875795112,1.0,True,Evidence at protein level
CTHRC1,gene,0.020575188203324,1.0207883165973712,0.8250096637852926,1.2630261596219026,0.8497915830167387,182,77,,0.986490966722809,50,0.0081725928200975,-0.0349166494561762,0.0644077737703331,0.62,CTHRC1,Fibroblasts,9,1.0151772263140273,1.0,True,Evidence at protein level
SPIB,gene,0.023420087567654,1.023696491401269,0.7825106493876495,1.339220759905748,0.8643398730204673,182,77,,0.986490966722809,50,0.0166304855554292,-0.0258142543163892,0.0729540491201833,0.56,SPIB,B,5,0.9677017073987276,1.0,True,Evidence at protein level
IGLL5,gene,0.0196275468024903,1.019821433528646,0.8141497881185462,1.2774501344376517,0.8643860717721996,182,77,,0.986490966722809,50,0.0026361453636194,-0.0299380366092968,0.0526158298395842,0.52,IGLL5,Plasma,6,1.0102925175761632,1.0,True,Evidence at protein level
OLR1,gene,0.0181767231875516,1.0183429252965324,0.8040640727460008,1.2897259666880905,0.8801376139660686,182,77,,0.986490966722809,50,0.0239054961284411,-0.0214733154127573,0.0708865898759414,0.64,OLR1,Mono/Macro,2,1.0251391446267155,1.0,True,Evidence at protein level
IGHV4-34,gene,0.0143469954042486,1.0144504075019354,0.8222508849273239,1.2515761893911523,0.8935080005319428,182,77,,0.986490966722809,50,0.0123271740764478,-0.0268315115559801,0.0562028849482641,0.56,IGHV4-34,Plasma,1,1.0420310930699697,1.0,True,Evidence at protein level
CALML3,gene,-0.0223787532198746,0.977869793569754,0.6913148812911111,1.3832037455786912,0.8993504395540808,182,77,,0.986490966722809,50,-0.0257054115815319,-0.0651593783616218,0.0820688451537513,0.62,CALML3,Malignant,8,1.0271844660194174,1.0,True,Evidence at protein level
FPR1,gene,-0.0132357187436637,0.9868514882087744,0.7890376476617424,1.2342577856277015,0.907681978053845,182,77,,0.986490966722809,50,0.0013323640977129,-0.0609450072108124,0.0414771100041793,0.48,FPR1,Mono/Macro,7,1.0020390441914964,1.0,True,Evidence at protein level
BGN,gene,0.0099765547079604,1.010026486440627,0.8097837251542399,1.2597851396893522,0.9294853328341198,182,77,,0.986490966722809,50,0.0015054634784975,-0.0366069891459595,0.056863704498365,0.56,BGN,Pericytes,3,1.0507898811516572,1.0,True,Evidence at protein level
BANK1,gene,-0.0090553988804906,0.9909854777661198,0.7665533416655006,1.281127044609351,0.94489861363956,182,77,,0.986490966722809,50,-0.0056238225658288,-0.0510082176673739,0.0215760206896241,0.54,BANK1,B,3,0.9995124707063944,1.0,True,Evidence at protein level
VMO1,gene,0.0057806871450315,1.0057974275584518,0.8411563221764333,1.2026640454483906,0.9494628961838316,182,77,,0.986490966722809,50,0.0053895515270108,-0.0333272470859687,0.0384576551450902,0.54,VMO1,DC,9,0.9493178774690324,1.0,True,Evidence at protein level
FCGR2B,gene,0.0078058704229506,1.0078364156551294,0.7841015422226837,1.2954116093705013,0.9514009446700608,182,77,,0.986490966722809,50,0.0202568967737766,-0.0317057363221421,0.0683796480420666,0.54,FCGR2B,Plasma,10,0.9821152075661198,1.0,True,Evidence at protein level
RAMP2,gene,0.0079332283246823,1.007964779760234,0.7798361823948442,1.3028287481058205,0.9516821153289206,182,77,,0.986490966722809,50,0.0117586430519962,-0.0469944825649637,0.0568159557105652,0.56,RAMP2,Endothelial,5,1.041068588885169,1.0,True,Evidence at protein level
CNRIP1,gene,-0.0059156604495202,0.994101802617596,0.811256983543601,1.218157025472855,0.954510075046778,182,77,,0.986490966722809,50,-0.007567170991434,-0.0380698325415333,0.025194221179901,0.54,CNRIP1,Mast,6,1.0190272430532306,1.0,True,Evidence at protein level
TM4SF1,gene,0.0065829739098806,1.0066046893071092,0.774898175775495,1.307595026302686,0.9606644232881716,182,77,,0.986490966722809,50,0.0102953881103658,-0.0407795898444827,0.0550388739873894,0.58,TM4SF1,Endothelial,9,1.01710723970539,0.982,True,Evidence at protein level
ESAM,gene,0.0076620280077371,1.007691456456852,0.7333675742390959,1.3846290824484595,0.9623073215292876,182,77,,0.986490966722809,50,0.0143509927276044,-0.0381799572835971,0.0922966840064904,0.56,ESAM,Endothelial,8,1.021794442584533,1.0,True,Evidence at protein level
SPARCL1,gene,0.0027024101121835,1.0027060649139068,0.807223412865784,1.2455281110414245,0.9805140154215236,182,77,,0.986490966722809,50,0.0049250912938822,-0.0378601395844314,0.0301570549026364,0.54,SPARCL1,Pericytes,2,1.0509823819886173,1.0,True,Evidence at protein level
PKMYT1,gene,-0.0029419210262626,0.9970624021828473,0.7800985776295173,1.2743689866317915,0.9812536415941367,182,77,,0.986490966722809,50,0.0163923695490454,-0.0344726641132346,0.0471772483243155,0.46,PKMYT1,Tprolif,8,0.9318279733009708,0.986,True,Evidence at protein level
DCN,gene,0.0016258854175711,1.001627207885897,0.8301244040000975,1.208562305532678,0.9864621800706422,182,77,,0.986490966722809,50,-0.0064147242550015,-0.0350707865984147,0.0406692858245906,0.44,DCN,Fibroblasts,5,1.026799464345497,1.0,True,Evidence at protein level
CLDN4,gene,-0.0029281969451003,0.9970760860420778,0.7104304214535023,1.3993780268066076,0.9864909667228088,182,77,,0.986490966722809,50,0.0067509819012372,-0.0564613410322311,0.0702169738101716,0.48,CLDN4,Malignant,2,1.0456645463675929,1.0,True,Evidence at protein level
