profile_id,source,patient,sample,tissue,state,n_cells
GSE160269::P1T-E::Endothelial,GSE160269,P1,P1T-E,Tumor,Endothelial,310
GSE160269::P1T-E::Fibroblasts,GSE160269,P1,P1T-E,Tumor,Fibroblasts,77
GSE160269::P1T-E::Malignant,GSE160269,P1,P1T-E,Tumor,Malignant,242
GSE160269::P1T-E::Pericytes,GSE160269,P1,P1T-E,Tumor,Pericytes,48
GSE160269::P10T-E::Endothelial,GSE160269,P10,P10T-E,Tumor,Endothelial,76
GSE160269::P10T-E::Fibroblasts,GSE160269,P10,P10T-E,Tumor,Fibroblasts,1646
GSE160269::P10T-E::Malignant,GSE160269,P10,P10T-E,Tumor,Malignant,656
GSE160269::P10T-E::Pericytes,GSE160269,P10,P10T-E,Tumor,Pericytes,91
GSE160269::P104T::Epithelial,GSE160269,P104,P104T,Tumor,Epithelial,1
GSE160269::P104T-E::Endothelial,GSE160269,P104,P104T-E,Tumor,Endothelial,27
GSE160269::P104T-E::Fibroblasts,GSE160269,P104,P104T-E,Tumor,Fibroblasts,29
GSE160269::P104T-E::Malignant,GSE160269,P104,P104T-E,Tumor,Malignant,80
GSE160269::P104T-E::Pericytes,GSE160269,P104,P104T-E,Tumor,Pericytes,3
GSE160269::P107T-E::CD8Tex,GSE160269,P107,P107T-E,Tumor,CD8Tex,1
GSE160269::P107T-E::Endothelial,GSE160269,P107,P107T-E,Tumor,Endothelial,43
GSE160269::P107T-E::Fibroblasts,GSE160269,P107,P107T-E,Tumor,Fibroblasts,184
GSE160269::P107T-E::Malignant,GSE160269,P107,P107T-E,Tumor,Malignant,423
GSE160269::P107T-E::Pericytes,GSE160269,P107,P107T-E,Tumor,Pericytes,23
GSE160269::P11T-E::Endothelial,GSE160269,P11,P11T-E,Tumor,Endothelial,147
GSE160269::P11T-E::Fibroblasts,GSE160269,P11,P11T-E,Tumor,Fibroblasts,605
GSE160269::P11T-E::Malignant,GSE160269,P11,P11T-E,Tumor,Malignant,56
GSE160269::P11T-E::Pericytes,GSE160269,P11,P11T-E,Tumor,Pericytes,154
GSE160269::P12T-E::Endothelial,GSE160269,P12,P12T-E,Tumor,Endothelial,132
GSE160269::P12T-E::Fibroblasts,GSE160269,P12,P12T-E,Tumor,Fibroblasts,247
GSE160269::P12T-E::Malignant,GSE160269,P12,P12T-E,Tumor,Malignant,810
GSE160269::P12T-E::Pericytes,GSE160269,P12,P12T-E,Tumor,Pericytes,83
GSE160269::P126N-E::Endothelial,GSE160269,P126,P126N-E,Normal,Endothelial,313
GSE160269::P126N-E::Fibroblasts,GSE160269,P126,P126N-E,Normal,Fibroblasts,2777
GSE160269::P126N-E::Malignant,GSE160269,P126,P126N-E,Normal,Malignant,21
GSE160269::P126N-E::Pericytes,GSE160269,P126,P126N-E,Normal,Pericytes,20
GSE160269::P126T-E::Endothelial,GSE160269,P126,P126T-E,Tumor,Endothelial,5
GSE160269::P126T-E::Fibroblasts,GSE160269,P126,P126T-E,Tumor,Fibroblasts,93
GSE160269::P126T-E::Malignant,GSE160269,P126,P126T-E,Tumor,Malignant,93
GSE160269::P126T-E::Pericytes,GSE160269,P126,P126T-E,Tumor,Pericytes,7
GSE160269::P127N-E::Endothelial,GSE160269,P127,P127N-E,Normal,Endothelial,276
GSE160269::P127N-E::Fibroblasts,GSE160269,P127,P127N-E,Normal,Fibroblasts,1263
GSE160269::P127N-E::Malignant,GSE160269,P127,P127N-E,Normal,Malignant,115
GSE160269::P127N-E::Pericytes,GSE160269,P127,P127N-E,Normal,Pericytes,14
GSE160269::P127T-E::Endothelial,GSE160269,P127,P127T-E,Tumor,Endothelial,112
GSE160269::P127T-E::Fibroblasts,GSE160269,P127,P127T-E,Tumor,Fibroblasts,48
GSE160269::P127T-E::Malignant,GSE160269,P127,P127T-E,Tumor,Malignant,1584
GSE160269::P127T-E::Pericytes,GSE160269,P127,P127T-E,Tumor,Pericytes,14
GSE160269::P128N-E::Endothelial,GSE160269,P128,P128N-E,Normal,Endothelial,59
GSE160269::P128N-E::Fibroblasts,GSE160269,P128,P128N-E,Normal,Fibroblasts,2785
GSE160269::P128N-E::Malignant,GSE160269,P128,P128N-E,Normal,Malignant,9
GSE160269::P128N-E::Pericytes,GSE160269,P128,P128N-E,Normal,Pericytes,21
GSE160269::P128T-E::CD8Tex,GSE160269,P128,P128T-E,Tumor,CD8Tex,3
GSE160269::P128T-E::Endothelial,GSE160269,P128,P128T-E,Tumor,Endothelial,9
GSE160269::P128T-E::Fibroblasts,GSE160269,P128,P128T-E,Tumor,Fibroblasts,249
GSE160269::P128T-E::Malignant,GSE160269,P128,P128T-E,Tumor,Malignant,450
GSE160269::P128T-E::Pericytes,GSE160269,P128,P128T-E,Tumor,Pericytes,3
GSE160269::P128T-E::Tprolif,GSE160269,P128,P128T-E,Tumor,Tprolif,1
GSE160269::P130N-E::Endothelial,GSE160269,P130,P130N-E,Normal,Endothelial,226
GSE160269::P130N-E::Fibroblasts,GSE160269,P130,P130N-E,Normal,Fibroblasts,2759
GSE160269::P130N-E::Malignant,GSE160269,P130,P130N-E,Normal,Malignant,18
GSE160269::P130N-E::Pericytes,GSE160269,P130,P130N-E,Normal,Pericytes,22
GSE160269::P130T-E::CD8Tex,GSE160269,P130,P130T-E,Tumor,CD8Tex,8
GSE160269::P130T-E::Endothelial,GSE160269,P130,P130T-E,Tumor,Endothelial,12
GSE160269::P130T-E::Fibroblasts,GSE160269,P130,P130T-E,Tumor,Fibroblasts,371
GSE160269::P130T-E::Malignant,GSE160269,P130,P130T-E,Tumor,Malignant,423
GSE160269::P130T-E::Pericytes,GSE160269,P130,P130T-E,Tumor,Pericytes,9
GSE160269::P130T-E::Tprolif,GSE160269,P130,P130T-E,Tumor,Tprolif,7
GSE160269::P15T-E::Endothelial,GSE160269,P15,P15T-E,Tumor,Endothelial,273
GSE160269::P15T-E::Fibroblasts,GSE160269,P15,P15T-E,Tumor,Fibroblasts,792
GSE160269::P15T-E::Malignant,GSE160269,P15,P15T-E,Tumor,Malignant,737
GSE160269::P15T-E::Pericytes,GSE160269,P15,P15T-E,Tumor,Pericytes,52
GSE160269::P16T-E::Endothelial,GSE160269,P16,P16T-E,Tumor,Endothelial,10
GSE160269::P16T-E::Fibroblasts,GSE160269,P16,P16T-E,Tumor,Fibroblasts,42
GSE160269::P16T-E::Malignant,GSE160269,P16,P16T-E,Tumor,Malignant,2335
GSE160269::P16T-E::Pericytes,GSE160269,P16,P16T-E,Tumor,Pericytes,5
GSE160269::P17T-E::CD4Tconv,GSE160269,P17,P17T-E,Tumor,CD4Tconv,1
GSE160269::P17T-E::Endothelial,GSE160269,P17,P17T-E,Tumor,Endothelial,149
GSE160269::P17T-E::Fibroblasts,GSE160269,P17,P17T-E,Tumor,Fibroblasts,150
GSE160269::P17T-E::Malignant,GSE160269,P17,P17T-E,Tumor,Malignant,215
GSE160269::P17T-E::Pericytes,GSE160269,P17,P17T-E,Tumor,Pericytes,48
GSE160269::P17T-E::Treg,GSE160269,P17,P17T-E,Tumor,Treg,1
GSE160269::P19T-E::Endothelial,GSE160269,P19,P19T-E,Tumor,Endothelial,115
GSE160269::P19T-E::Fibroblasts,GSE160269,P19,P19T-E,Tumor,Fibroblasts,294
GSE160269::P19T-E::Malignant,GSE160269,P19,P19T-E,Tumor,Malignant,161
GSE160269::P19T-E::Pericytes,GSE160269,P19,P19T-E,Tumor,Pericytes,104
GSE160269::P2T-E::Endothelial,GSE160269,P2,P2T-E,Tumor,Endothelial,206
GSE160269::P2T-E::Fibroblasts,GSE160269,P2,P2T-E,Tumor,Fibroblasts,225
GSE160269::P2T-E::Malignant,GSE160269,P2,P2T-E,Tumor,Malignant,1523
GSE160269::P2T-E::Pericytes,GSE160269,P2,P2T-E,Tumor,Pericytes,58
GSE160269::P20T-E::Endothelial,GSE160269,P20,P20T-E,Tumor,Endothelial,514
GSE160269::P20T-E::Fibroblasts,GSE160269,P20,P20T-E,Tumor,Fibroblasts,407
GSE160269::P20T-E::Malignant,GSE160269,P20,P20T-E,Tumor,Malignant,448
GSE160269::P20T-E::Pericytes,GSE160269,P20,P20T-E,Tumor,Pericytes,123
GSE160269::P21T-E::Endothelial,GSE160269,P21,P21T-E,Tumor,Endothelial,378
GSE160269::P21T-E::Fibroblasts,GSE160269,P21,P21T-E,Tumor,Fibroblasts,942
GSE160269::P21T-E::Malignant,GSE160269,P21,P21T-E,Tumor,Malignant,597
GSE160269::P21T-E::Pericytes,GSE160269,P21,P21T-E,Tumor,Pericytes,345
GSE160269::P22T-E::Endothelial,GSE160269,P22,P22T-E,Tumor,Endothelial,144
GSE160269::P22T-E::Fibroblasts,GSE160269,P22,P22T-E,Tumor,Fibroblasts,2959
GSE160269::P22T-E::Malignant,GSE160269,P22,P22T-E,Tumor,Malignant,558
GSE160269::P22T-E::Pericytes,GSE160269,P22,P22T-E,Tumor,Pericytes,149
GSE160269::P22T-E::Tprolif,GSE160269,P22,P22T-E,Tumor,Tprolif,1
GSE160269::P23T-E::Endothelial,GSE160269,P23,P23T-E,Tumor,Endothelial,379
GSE160269::P23T-E::Fibroblasts,GSE160269,P23,P23T-E,Tumor,Fibroblasts,353
GSE160269::P23T-E::Malignant,GSE160269,P23,P23T-E,Tumor,Malignant,922
GSE160269::P23T-E::Pericytes,GSE160269,P23,P23T-E,Tumor,Pericytes,181
GSE160269::P24T-E::CD8Tex,GSE160269,P24,P24T-E,Tumor,CD8Tex,2
GSE160269::P24T-E::Endothelial,GSE160269,P24,P24T-E,Tumor,Endothelial,601
GSE160269::P24T-E::Fibroblasts,GSE160269,P24,P24T-E,Tumor,Fibroblasts,521
GSE160269::P24T-E::Malignant,GSE160269,P24,P24T-E,Tumor,Malignant,1582
GSE160269::P24T-E::Pericytes,GSE160269,P24,P24T-E,Tumor,Pericytes,263
GSE160269::P24T-E::Tprolif,GSE160269,P24,P24T-E,Tumor,Tprolif,2
GSE160269::P26T-E::CD4Tconv,GSE160269,P26,P26T-E,Tumor,CD4Tconv,1
GSE160269::P26T-E::CD8Tex,GSE160269,P26,P26T-E,Tumor,CD8Tex,1
GSE160269::P26T-E::Endothelial,GSE160269,P26,P26T-E,Tumor,Endothelial,103
GSE160269::P26T-E::Fibroblasts,GSE160269,P26,P26T-E,Tumor,Fibroblasts,74
GSE160269::P26T-E::Malignant,GSE160269,P26,P26T-E,Tumor,Malignant,1286
GSE160269::P26T-E::Pericytes,GSE160269,P26,P26T-E,Tumor,Pericytes,80
GSE160269::P27T-E::Endothelial,GSE160269,P27,P27T-E,Tumor,Endothelial,212
GSE160269::P27T-E::Fibroblasts,GSE160269,P27,P27T-E,Tumor,Fibroblasts,318
GSE160269::P27T-E::Malignant,GSE160269,P27,P27T-E,Tumor,Malignant,1686
GSE160269::P27T-E::Pericytes,GSE160269,P27,P27T-E,Tumor,Pericytes,69
GSE160269::P28T-E::Endothelial,GSE160269,P28,P28T-E,Tumor,Endothelial,114
GSE160269::P28T-E::Fibroblasts,GSE160269,P28,P28T-E,Tumor,Fibroblasts,133
GSE160269::P28T-E::Malignant,GSE160269,P28,P28T-E,Tumor,Malignant,1369
GSE160269::P28T-E::Pericytes,GSE160269,P28,P28T-E,Tumor,Pericytes,24
GSE160269::P30T-E::CD4Tconv,GSE160269,P30,P30T-E,Tumor,CD4Tconv,1
GSE160269::P30T-E::Endothelial,GSE160269,P30,P30T-E,Tumor,Endothelial,336
GSE160269::P30T-E::Fibroblasts,GSE160269,P30,P30T-E,Tumor,Fibroblasts,429
GSE160269::P30T-E::Malignant,GSE160269,P30,P30T-E,Tumor,Malignant,374
GSE160269::P30T-E::Pericytes,GSE160269,P30,P30T-E,Tumor,Pericytes,53
GSE160269::P31T-E::Endothelial,GSE160269,P31,P31T-E,Tumor,Endothelial,190
GSE160269::P31T-E::Fibroblasts,GSE160269,P31,P31T-E,Tumor,Fibroblasts,256
GSE160269::P31T-E::Malignant,GSE160269,P31,P31T-E,Tumor,Malignant,1544
GSE160269::P31T-E::Pericytes,GSE160269,P31,P31T-E,Tumor,Pericytes,110
GSE160269::P32T-E::CD8Tex,GSE160269,P32,P32T-E,Tumor,CD8Tex,1
GSE160269::P32T-E::Endothelial,GSE160269,P32,P32T-E,Tumor,Endothelial,424
GSE160269::P32T-E::Fibroblasts,GSE160269,P32,P32T-E,Tumor,Fibroblasts,516
GSE160269::P32T-E::Malignant,GSE160269,P32,P32T-E,Tumor,Malignant,1065
GSE160269::P32T-E::Pericytes,GSE160269,P32,P32T-E,Tumor,Pericytes,81
GSE160269::P36T-E::CD8Tex,GSE160269,P36,P36T-E,Tumor,CD8Tex,2
GSE160269::P36T-E::Endothelial,GSE160269,P36,P36T-E,Tumor,Endothelial,194
GSE160269::P36T-E::Fibroblasts,GSE160269,P36,P36T-E,Tumor,Fibroblasts,138
GSE160269::P36T-E::Malignant,GSE160269,P36,P36T-E,Tumor,Malignant,560
GSE160269::P36T-E::Pericytes,GSE160269,P36,P36T-E,Tumor,Pericytes,22
GSE160269::P36T-E::Tprolif,GSE160269,P36,P36T-E,Tumor,Tprolif,3
GSE160269::P37T-E::Endothelial,GSE160269,P37,P37T-E,Tumor,Endothelial,118
GSE160269::P37T-E::Fibroblasts,GSE160269,P37,P37T-E,Tumor,Fibroblasts,421
GSE160269::P37T-E::Malignant,GSE160269,P37,P37T-E,Tumor,Malignant,481
GSE160269::P37T-E::Pericytes,GSE160269,P37,P37T-E,Tumor,Pericytes,51
GSE160269::P38T-E::Endothelial,GSE160269,P38,P38T-E,Tumor,Endothelial,30
GSE160269::P38T-E::Fibroblasts,GSE160269,P38,P38T-E,Tumor,Fibroblasts,88
GSE160269::P38T-E::Malignant,GSE160269,P38,P38T-E,Tumor,Malignant,697
GSE160269::P38T-E::Pericytes,GSE160269,P38,P38T-E,Tumor,Pericytes,9
GSE160269::P38T-E::Tprolif,GSE160269,P38,P38T-E,Tumor,Tprolif,1
GSE160269::P39T-E::Endothelial,GSE160269,P39,P39T-E,Tumor,Endothelial,41
GSE160269::P39T-E::Fibroblasts,GSE160269,P39,P39T-E,Tumor,Fibroblasts,145
GSE160269::P39T-E::Malignant,GSE160269,P39,P39T-E,Tumor,Malignant,2868
GSE160269::P39T-E::Pericytes,GSE160269,P39,P39T-E,Tumor,Pericytes,7
GSE160269::P4T-E::CD4Tconv,GSE160269,P4,P4T-E,Tumor,CD4Tconv,2
GSE160269::P4T-E::Endothelial,GSE160269,P4,P4T-E,Tumor,Endothelial,195
GSE160269::P4T-E::Fibroblasts,GSE160269,P4,P4T-E,Tumor,Fibroblasts,1357
GSE160269::P4T-E::Malignant,GSE160269,P4,P4T-E,Tumor,Malignant,568
GSE160269::P4T-E::Pericytes,GSE160269,P4,P4T-E,Tumor,Pericytes,226
GSE160269::P40T-E::Endothelial,GSE160269,P40,P40T-E,Tumor,Endothelial,151
GSE160269::P40T-E::Fibroblasts,GSE160269,P40,P40T-E,Tumor,Fibroblasts,920
GSE160269::P40T-E::Malignant,GSE160269,P40,P40T-E,Tumor,Malignant,394
GSE160269::P40T-E::Pericytes,GSE160269,P40,P40T-E,Tumor,Pericytes,18
GSE160269::P42T-E::Endothelial,GSE160269,P42,P42T-E,Tumor,Endothelial,413
GSE160269::P42T-E::Fibroblasts,GSE160269,P42,P42T-E,Tumor,Fibroblasts,589
GSE160269::P42T-E::Malignant,GSE160269,P42,P42T-E,Tumor,Malignant,1137
GSE160269::P42T-E::Pericytes,GSE160269,P42,P42T-E,Tumor,Pericytes,191
GSE160269::P44T-E::DC,GSE160269,P44,P44T-E,Tumor,DC,1
GSE160269::P44T-E::Endothelial,GSE160269,P44,P44T-E,Tumor,Endothelial,320
GSE160269::P44T-E::Fibroblasts,GSE160269,P44,P44T-E,Tumor,Fibroblasts,2087
GSE160269::P44T-E::Malignant,GSE160269,P44,P44T-E,Tumor,Malignant,721
GSE160269::P44T-E::Pericytes,GSE160269,P44,P44T-E,Tumor,Pericytes,192
GSE160269::P47T-E::Endothelial,GSE160269,P47,P47T-E,Tumor,Endothelial,66
GSE160269::P47T-E::Fibroblasts,GSE160269,P47,P47T-E,Tumor,Fibroblasts,1691
GSE160269::P47T-E::Malignant,GSE160269,P47,P47T-E,Tumor,Malignant,1046
GSE160269::P47T-E::Pericytes,GSE160269,P47,P47T-E,Tumor,Pericytes,66
GSE160269::P48T-E::Endothelial,GSE160269,P48,P48T-E,Tumor,Endothelial,246
GSE160269::P48T-E::Fibroblasts,GSE160269,P48,P48T-E,Tumor,Fibroblasts,61
GSE160269::P48T-E::Malignant,GSE160269,P48,P48T-E,Tumor,Malignant,1263
GSE160269::P48T-E::Pericytes,GSE160269,P48,P48T-E,Tumor,Pericytes,21
GSE160269::P49T-E::Endothelial,GSE160269,P49,P49T-E,Tumor,Endothelial,46
GSE160269::P49T-E::Fibroblasts,GSE160269,P49,P49T-E,Tumor,Fibroblasts,189
GSE160269::P49T-E::Malignant,GSE160269,P49,P49T-E,Tumor,Malignant,404
GSE160269::P49T-E::Pericytes,GSE160269,P49,P49T-E,Tumor,Pericytes,22
GSE160269::P5T-E::Endothelial,GSE160269,P5,P5T-E,Tumor,Endothelial,121
GSE160269::P5T-E::Fibroblasts,GSE160269,P5,P5T-E,Tumor,Fibroblasts,754
GSE160269::P5T-E::Malignant,GSE160269,P5,P5T-E,Tumor,Malignant,1484
GSE160269::P5T-E::Pericytes,GSE160269,P5,P5T-E,Tumor,Pericytes,111
GSE160269::P52T-E::CD8Tex,GSE160269,P52,P52T-E,Tumor,CD8Tex,2
GSE160269::P52T-E::Endothelial,GSE160269,P52,P52T-E,Tumor,Endothelial,265
GSE160269::P52T-E::Fibroblasts,GSE160269,P52,P52T-E,Tumor,Fibroblasts,200
GSE160269::P52T-E::Malignant,GSE160269,P52,P52T-E,Tumor,Malignant,857
GSE160269::P52T-E::Pericytes,GSE160269,P52,P52T-E,Tumor,Pericytes,44
GSE160269::P52T-E::Tprolif,GSE160269,P52,P52T-E,Tumor,Tprolif,2
GSE160269::P54T-E::Endothelial,GSE160269,P54,P54T-E,Tumor,Endothelial,76
GSE160269::P54T-E::Fibroblasts,GSE160269,P54,P54T-E,Tumor,Fibroblasts,68
GSE160269::P54T-E::Malignant,GSE160269,P54,P54T-E,Tumor,Malignant,1194
GSE160269::P54T-E::Pericytes,GSE160269,P54,P54T-E,Tumor,Pericytes,13
GSE160269::P56T-E::CD4Tconv,GSE160269,P56,P56T-E,Tumor,CD4Tconv,1
GSE160269::P56T-E::Endothelial,GSE160269,P56,P56T-E,Tumor,Endothelial,10
GSE160269::P56T-E::Fibroblasts,GSE160269,P56,P56T-E,Tumor,Fibroblasts,27
GSE160269::P56T-E::Malignant,GSE160269,P56,P56T-E,Tumor,Malignant,38
GSE160269::P56T-E::Pericytes,GSE160269,P56,P56T-E,Tumor,Pericytes,3
GSE160269::P57T-E::Endothelial,GSE160269,P57,P57T-E,Tumor,Endothelial,640
GSE160269::P57T-E::Fibroblasts,GSE160269,P57,P57T-E,Tumor,Fibroblasts,593
GSE160269::P57T-E::Malignant,GSE160269,P57,P57T-E,Tumor,Malignant,427
GSE160269::P57T-E::Pericytes,GSE160269,P57,P57T-E,Tumor,Pericytes,63
GSE160269::P61T-E::Endothelial,GSE160269,P61,P61T-E,Tumor,Endothelial,316
GSE160269::P61T-E::Fibroblasts,GSE160269,P61,P61T-E,Tumor,Fibroblasts,219
GSE160269::P61T-E::Malignant,GSE160269,P61,P61T-E,Tumor,Malignant,271
GSE160269::P61T-E::Pericytes,GSE160269,P61,P61T-E,Tumor,Pericytes,55
GSE160269::P62T-E::Endothelial,GSE160269,P62,P62T-E,Tumor,Endothelial,25
GSE160269::P62T-E::Fibroblasts,GSE160269,P62,P62T-E,Tumor,Fibroblasts,44
GSE160269::P62T-E::Malignant,GSE160269,P62,P62T-E,Tumor,Malignant,951
GSE160269::P62T-E::Pericytes,GSE160269,P62,P62T-E,Tumor,Pericytes,1
GSE160269::P62T-E::Tprolif,GSE160269,P62,P62T-E,Tumor,Tprolif,1
GSE160269::P63T-E::Endothelial,GSE160269,P63,P63T-E,Tumor,Endothelial,19
GSE160269::P63T-E::Fibroblasts,GSE160269,P63,P63T-E,Tumor,Fibroblasts,39
GSE160269::P63T-E::Malignant,GSE160269,P63,P63T-E,Tumor,Malignant,24
GSE160269::P63T-E::Pericytes,GSE160269,P63,P63T-E,Tumor,Pericytes,7
GSE160269::P65T-E::Endothelial,GSE160269,P65,P65T-E,Tumor,Endothelial,548
GSE160269::P65T-E::Fibroblasts,GSE160269,P65,P65T-E,Tumor,Fibroblasts,896
GSE160269::P65T-E::Malignant,GSE160269,P65,P65T-E,Tumor,Malignant,345
GSE160269::P65T-E::Pericytes,GSE160269,P65,P65T-E,Tumor,Pericytes,20
GSE160269::P74T-E::Endothelial,GSE160269,P74,P74T-E,Tumor,Endothelial,16
GSE160269::P74T-E::Fibroblasts,GSE160269,P74,P74T-E,Tumor,Fibroblasts,213
GSE160269::P74T-E::Malignant,GSE160269,P74,P74T-E,Tumor,Malignant,316
GSE160269::P74T-E::Pericytes,GSE160269,P74,P74T-E,Tumor,Pericytes,22
GSE160269::P75T-E::CD8Tex,GSE160269,P75,P75T-E,Tumor,CD8Tex,2
GSE160269::P75T-E::Endothelial,GSE160269,P75,P75T-E,Tumor,Endothelial,55
GSE160269::P75T-E::Fibroblasts,GSE160269,P75,P75T-E,Tumor,Fibroblasts,327
GSE160269::P75T-E::Malignant,GSE160269,P75,P75T-E,Tumor,Malignant,393
GSE160269::P75T-E::Pericytes,GSE160269,P75,P75T-E,Tumor,Pericytes,86
GSE160269::P76T-E::CD4Tconv,GSE160269,P76,P76T-E,Tumor,CD4Tconv,1
GSE160269::P76T-E::Endothelial,GSE160269,P76,P76T-E,Tumor,Endothelial,71
GSE160269::P76T-E::Fibroblasts,GSE160269,P76,P76T-E,Tumor,Fibroblasts,616
GSE160269::P76T-E::Malignant,GSE160269,P76,P76T-E,Tumor,Malignant,1312
GSE160269::P76T-E::Pericytes,GSE160269,P76,P76T-E,Tumor,Pericytes,44
GSE160269::P79T-E::Endothelial,GSE160269,P79,P79T-E,Tumor,Endothelial,309
GSE160269::P79T-E::Fibroblasts,GSE160269,P79,P79T-E,Tumor,Fibroblasts,522
GSE160269::P79T-E::Malignant,GSE160269,P79,P79T-E,Tumor,Malignant,994
GSE160269::P79T-E::Pericytes,GSE160269,P79,P79T-E,Tumor,Pericytes,54
GSE160269::P8T-E::Endothelial,GSE160269,P8,P8T-E,Tumor,Endothelial,450
GSE160269::P8T-E::Fibroblasts,GSE160269,P8,P8T-E,Tumor,Fibroblasts,1957
GSE160269::P8T-E::Malignant,GSE160269,P8,P8T-E,Tumor,Malignant,601
GSE160269::P8T-E::Pericytes,GSE160269,P8,P8T-E,Tumor,Pericytes,136
GSE160269::P80T-E::CD4Tconv,GSE160269,P80,P80T-E,Tumor,CD4Tconv,1
GSE160269::P80T-E::CD8Tex,GSE160269,P80,P80T-E,Tumor,CD8Tex,3
GSE160269::P80T-E::Endothelial,GSE160269,P80,P80T-E,Tumor,Endothelial,123
GSE160269::P80T-E::Fibroblasts,GSE160269,P80,P80T-E,Tumor,Fibroblasts,42
GSE160269::P80T-E::Malignant,GSE160269,P80,P80T-E,Tumor,Malignant,278
GSE160269::P80T-E::Pericytes,GSE160269,P80,P80T-E,Tumor,Pericytes,4
GSE160269::P80T-E::Treg,GSE160269,P80,P80T-E,Tumor,Treg,1
GSE160269::P82T-E::Endothelial,GSE160269,P82,P82T-E,Tumor,Endothelial,95
GSE160269::P82T-E::Fibroblasts,GSE160269,P82,P82T-E,Tumor,Fibroblasts,22
GSE160269::P82T-E::Malignant,GSE160269,P82,P82T-E,Tumor,Malignant,110
GSE160269::P82T-E::Pericytes,GSE160269,P82,P82T-E,Tumor,Pericytes,15
GSE160269::P82T-E::Tprolif,GSE160269,P82,P82T-E,Tumor,Tprolif,1
GSE160269::P83T-E::Endothelial,GSE160269,P83,P83T-E,Tumor,Endothelial,32
GSE160269::P83T-E::Fibroblasts,GSE160269,P83,P83T-E,Tumor,Fibroblasts,185
GSE160269::P83T-E::Malignant,GSE160269,P83,P83T-E,Tumor,Malignant,453
GSE160269::P83T-E::Pericytes,GSE160269,P83,P83T-E,Tumor,Pericytes,13
GSE160269::P84T-E::CD8Tex,GSE160269,P84,P84T-E,Tumor,CD8Tex,1
GSE160269::P84T-E::Endothelial,GSE160269,P84,P84T-E,Tumor,Endothelial,184
GSE160269::P84T-E::Fibroblasts,GSE160269,P84,P84T-E,Tumor,Fibroblasts,618
GSE160269::P84T-E::Malignant,GSE160269,P84,P84T-E,Tumor,Malignant,219
GSE160269::P84T-E::Pericytes,GSE160269,P84,P84T-E,Tumor,Pericytes,75
GSE160269::P87T-E::Endothelial,GSE160269,P87,P87T-E,Tumor,Endothelial,61
GSE160269::P87T-E::Fibroblasts,GSE160269,P87,P87T-E,Tumor,Fibroblasts,104
GSE160269::P87T-E::Malignant,GSE160269,P87,P87T-E,Tumor,Malignant,5
GSE160269::P87T-E::Pericytes,GSE160269,P87,P87T-E,Tumor,Pericytes,3
GSE160269::P89T-E::Endothelial,GSE160269,P89,P89T-E,Tumor,Endothelial,4
GSE160269::P89T-E::Fibroblasts,GSE160269,P89,P89T-E,Tumor,Fibroblasts,2
GSE160269::P89T-E::Malignant,GSE160269,P89,P89T-E,Tumor,Malignant,209
GSE160269::P89T-E::Tprolif,GSE160269,P89,P89T-E,Tumor,Tprolif,1
GSE160269::P89T-E::Treg,GSE160269,P89,P89T-E,Tumor,Treg,1
GSE160269::P9T-E::Endothelial,GSE160269,P9,P9T-E,Tumor,Endothelial,202
GSE160269::P9T-E::Fibroblasts,GSE160269,P9,P9T-E,Tumor,Fibroblasts,1989
GSE160269::P9T-E::Malignant,GSE160269,P9,P9T-E,Tumor,Malignant,869
GSE160269::P9T-E::Pericytes,GSE160269,P9,P9T-E,Tumor,Pericytes,161
GSE160269::P91T-E::Endothelial,GSE160269,P91,P91T-E,Tumor,Endothelial,160
GSE160269::P91T-E::Fibroblasts,GSE160269,P91,P91T-E,Tumor,Fibroblasts,304
GSE160269::P91T-E::Malignant,GSE160269,P91,P91T-E,Tumor,Malignant,39
GSE160269::P91T-E::Pericytes,GSE160269,P91,P91T-E,Tumor,Pericytes,29
GSE160269::P94T-E::Endothelial,GSE160269,P94,P94T-E,Tumor,Endothelial,92
GSE160269::P94T-E::Fibroblasts,GSE160269,P94,P94T-E,Tumor,Fibroblasts,14
GSE160269::P94T-E::Malignant,GSE160269,P94,P94T-E,Tumor,Malignant,33
GSE160269::P94T-E::Pericytes,GSE160269,P94,P94T-E,Tumor,Pericytes,14
GSE160269::P1T-I::B,GSE160269,P1,P1T-I,Tumor,B,80
GSE160269::P1T-I::CD4Tconv,GSE160269,P1,P1T-I,Tumor,CD4Tconv,191
GSE160269::P1T-I::CD8Tex,GSE160269,P1,P1T-I,Tumor,CD8Tex,145
GSE160269::P1T-I::DC,GSE160269,P1,P1T-I,Tumor,DC,37
GSE160269::P1T-I::Fibroblasts,GSE160269,P1,P1T-I,Tumor,Fibroblasts,10
GSE160269::P1T-I::Mast,GSE160269,P1,P1T-I,Tumor,Mast,4
GSE160269::P1T-I::Mono/Macro,GSE160269,P1,P1T-I,Tumor,Mono/Macro,115
GSE160269::P1T-I::Plasma,GSE160269,P1,P1T-I,Tumor,Plasma,204
GSE160269::P1T-I::Tprolif,GSE160269,P1,P1T-I,Tumor,Tprolif,21
GSE160269::P1T-I::Treg,GSE160269,P1,P1T-I,Tumor,Treg,175
GSE160269::P10T-I::B,GSE160269,P10,P10T-I,Tumor,B,21
GSE160269::P10T-I::CD4Tconv,GSE160269,P10,P10T-I,Tumor,CD4Tconv,114
GSE160269::P10T-I::CD8Tex,GSE160269,P10,P10T-I,Tumor,CD8Tex,95
GSE160269::P10T-I::DC,GSE160269,P10,P10T-I,Tumor,DC,158
GSE160269::P10T-I::Fibroblasts,GSE160269,P10,P10T-I,Tumor,Fibroblasts,11
GSE160269::P10T-I::Mast,GSE160269,P10,P10T-I,Tumor,Mast,60
GSE160269::P10T-I::Mono/Macro,GSE160269,P10,P10T-I,Tumor,Mono/Macro,928
GSE160269::P10T-I::Plasma,GSE160269,P10,P10T-I,Tumor,Plasma,231
GSE160269::P10T-I::Tprolif,GSE160269,P10,P10T-I,Tumor,Tprolif,30
GSE160269::P10T-I::Treg,GSE160269,P10,P10T-I,Tumor,Treg,81
GSE160269::P104T-I::B,GSE160269,P104,P104T-I,Tumor,B,1048
GSE160269::P104T-I::CD4Tconv,GSE160269,P104,P104T-I,Tumor,CD4Tconv,497
GSE160269::P104T-I::CD8Tex,GSE160269,P104,P104T-I,Tumor,CD8Tex,489
GSE160269::P104T-I::DC,GSE160269,P104,P104T-I,Tumor,DC,18
GSE160269::P104T-I::Fibroblasts,GSE160269,P104,P104T-I,Tumor,Fibroblasts,1
GSE160269::P104T-I::Mast,GSE160269,P104,P104T-I,Tumor,Mast,25
GSE160269::P104T-I::Mono/Macro,GSE160269,P104,P104T-I,Tumor,Mono/Macro,135
GSE160269::P104T-I::Plasma,GSE160269,P104,P104T-I,Tumor,Plasma,20
GSE160269::P104T-I::Tprolif,GSE160269,P104,P104T-I,Tumor,Tprolif,20
GSE160269::P104T-I::Treg,GSE160269,P104,P104T-I,Tumor,Treg,56
GSE160269::P107T-I::B,GSE160269,P107,P107T-I,Tumor,B,323
GSE160269::P107T-I::CD4Tconv,GSE160269,P107,P107T-I,Tumor,CD4Tconv,632
GSE160269::P107T-I::CD8Tex,GSE160269,P107,P107T-I,Tumor,CD8Tex,659
GSE160269::P107T-I::DC,GSE160269,P107,P107T-I,Tumor,DC,42
GSE160269::P107T-I::Fibroblasts,GSE160269,P107,P107T-I,Tumor,Fibroblasts,8
GSE160269::P107T-I::Mast,GSE160269,P107,P107T-I,Tumor,Mast,28
GSE160269::P107T-I::Mono/Macro,GSE160269,P107,P107T-I,Tumor,Mono/Macro,203
GSE160269::P107T-I::Plasma,GSE160269,P107,P107T-I,Tumor,Plasma,29
GSE160269::P107T-I::Tprolif,GSE160269,P107,P107T-I,Tumor,Tprolif,30
GSE160269::P107T-I::Treg,GSE160269,P107,P107T-I,Tumor,Treg,137
GSE160269::P11T-I::B,GSE160269,P11,P11T-I,Tumor,B,124
GSE160269::P11T-I::CD4Tconv,GSE160269,P11,P11T-I,Tumor,CD4Tconv,471
GSE160269::P11T-I::CD8Tex,GSE160269,P11,P11T-I,Tumor,CD8Tex,884
GSE160269::P11T-I::DC,GSE160269,P11,P11T-I,Tumor,DC,44
GSE160269::P11T-I::Fibroblasts,GSE160269,P11,P11T-I,Tumor,Fibroblasts,5
GSE160269::P11T-I::Mast,GSE160269,P11,P11T-I,Tumor,Mast,44
GSE160269::P11T-I::Mono/Macro,GSE160269,P11,P11T-I,Tumor,Mono/Macro,190
GSE160269::P11T-I::Plasma,GSE160269,P11,P11T-I,Tumor,Plasma,89
GSE160269::P11T-I::Tprolif,GSE160269,P11,P11T-I,Tumor,Tprolif,56
GSE160269::P11T-I::Treg,GSE160269,P11,P11T-I,Tumor,Treg,222
GSE160269::P12T-I::B,GSE160269,P12,P12T-I,Tumor,B,144
GSE160269::P12T-I::CD4Tconv,GSE160269,P12,P12T-I,Tumor,CD4Tconv,301
GSE160269::P12T-I::CD8Tex,GSE160269,P12,P12T-I,Tumor,CD8Tex,283
GSE160269::P12T-I::DC,GSE160269,P12,P12T-I,Tumor,DC,32
GSE160269::P12T-I::Fibroblasts,GSE160269,P12,P12T-I,Tumor,Fibroblasts,4
GSE160269::P12T-I::Mast,GSE160269,P12,P12T-I,Tumor,Mast,14
GSE160269::P12T-I::Mono/Macro,GSE160269,P12,P12T-I,Tumor,Mono/Macro,96
GSE160269::P12T-I::Plasma,GSE160269,P12,P12T-I,Tumor,Plasma,364
GSE160269::P12T-I::Tprolif,GSE160269,P12,P12T-I,Tumor,Tprolif,16
GSE160269::P12T-I::Treg,GSE160269,P12,P12T-I,Tumor,Treg,132
GSE160269::P126N-I::B,GSE160269,P126,P126N-I,Normal,B,1023
GSE160269::P126N-I::CD4Tconv,GSE160269,P126,P126N-I,Normal,CD4Tconv,662
GSE160269::P126N-I::CD8Tex,GSE160269,P126,P126N-I,Normal,CD8Tex,149
GSE160269::P126N-I::DC,GSE160269,P126,P126N-I,Normal,DC,16
GSE160269::P126N-I::Fibroblasts,GSE160269,P126,P126N-I,Normal,Fibroblasts,5
GSE160269::P126N-I::Mast,GSE160269,P126,P126N-I,Normal,Mast,31
GSE160269::P126N-I::Mono/Macro,GSE160269,P126,P126N-I,Normal,Mono/Macro,53
GSE160269::P126N-I::Plasma,GSE160269,P126,P126N-I,Normal,Plasma,41
GSE160269::P126N-I::Treg,GSE160269,P126,P126N-I,Normal,Treg,23
GSE160269::P126T-I::B,GSE160269,P126,P126T-I,Tumor,B,107
GSE160269::P126T-I::CD4Tconv,GSE160269,P126,P126T-I,Tumor,CD4Tconv,415
GSE160269::P126T-I::CD8Tex,GSE160269,P126,P126T-I,Tumor,CD8Tex,226
GSE160269::P126T-I::DC,GSE160269,P126,P126T-I,Tumor,DC,66
GSE160269::P126T-I::Fibroblasts,GSE160269,P126,P126T-I,Tumor,Fibroblasts,26
GSE160269::P126T-I::Mast,GSE160269,P126,P126T-I,Tumor,Mast,22
GSE160269::P126T-I::Mono/Macro,GSE160269,P126,P126T-I,Tumor,Mono/Macro,317
GSE160269::P126T-I::Plasma,GSE160269,P126,P126T-I,Tumor,Plasma,10
GSE160269::P126T-I::Tprolif,GSE160269,P126,P126T-I,Tumor,Tprolif,4
GSE160269::P126T-I::Treg,GSE160269,P126,P126T-I,Tumor,Treg,168
GSE160269::P127N-I::B,GSE160269,P127,P127N-I,Normal,B,507
GSE160269::P127N-I::CD4Tconv,GSE160269,P127,P127N-I,Normal,CD4Tconv,175
GSE160269::P127N-I::CD8Tex,GSE160269,P127,P127N-I,Normal,CD8Tex,40
GSE160269::P127N-I::DC,GSE160269,P127,P127N-I,Normal,DC,28
GSE160269::P127N-I::Fibroblasts,GSE160269,P127,P127N-I,Normal,Fibroblasts,4
GSE160269::P127N-I::Mast,GSE160269,P127,P127N-I,Normal,Mast,3
GSE160269::P127N-I::Mono/Macro,GSE160269,P127,P127N-I,Normal,Mono/Macro,115
GSE160269::P127N-I::Plasma,GSE160269,P127,P127N-I,Normal,Plasma,123
GSE160269::P127N-I::Tprolif,GSE160269,P127,P127N-I,Normal,Tprolif,1
GSE160269::P127N-I::Treg,GSE160269,P127,P127N-I,Normal,Treg,7
GSE160269::P127T-I::B,GSE160269,P127,P127T-I,Tumor,B,6
GSE160269::P127T-I::CD4Tconv,GSE160269,P127,P127T-I,Tumor,CD4Tconv,434
GSE160269::P127T-I::CD8Tex,GSE160269,P127,P127T-I,Tumor,CD8Tex,442
GSE160269::P127T-I::DC,GSE160269,P127,P127T-I,Tumor,DC,41
GSE160269::P127T-I::Fibroblasts,GSE160269,P127,P127T-I,Tumor,Fibroblasts,14
GSE160269::P127T-I::Mast,GSE160269,P127,P127T-I,Tumor,Mast,63
GSE160269::P127T-I::Mono/Macro,GSE160269,P127,P127T-I,Tumor,Mono/Macro,389
GSE160269::P127T-I::Plasma,GSE160269,P127,P127T-I,Tumor,Plasma,50
GSE160269::P127T-I::Tprolif,GSE160269,P127,P127T-I,Tumor,Tprolif,11
GSE160269::P127T-I::Treg,GSE160269,P127,P127T-I,Tumor,Treg,166
GSE160269::P128N-I::B,GSE160269,P128,P128N-I,Normal,B,35
GSE160269::P128N-I::CD4Tconv,GSE160269,P128,P128N-I,Normal,CD4Tconv,139
GSE160269::P128N-I::CD8Tex,GSE160269,P128,P128N-I,Normal,CD8Tex,99
GSE160269::P128N-I::DC,GSE160269,P128,P128N-I,Normal,DC,69
GSE160269::P128N-I::Fibroblasts,GSE160269,P128,P128N-I,Normal,Fibroblasts,3
GSE160269::P128N-I::Mono/Macro,GSE160269,P128,P128N-I,Normal,Mono/Macro,198
GSE160269::P128N-I::Plasma,GSE160269,P128,P128N-I,Normal,Plasma,271
GSE160269::P128N-I::Tprolif,GSE160269,P128,P128N-I,Normal,Tprolif,3
GSE160269::P128N-I::Treg,GSE160269,P128,P128N-I,Normal,Treg,9
GSE160269::P128T-I::B,GSE160269,P128,P128T-I,Tumor,B,1715
GSE160269::P128T-I::CD4Tconv,GSE160269,P128,P128T-I,Tumor,CD4Tconv,425
GSE160269::P128T-I::CD8Tex,GSE160269,P128,P128T-I,Tumor,CD8Tex,220
GSE160269::P128T-I::DC,GSE160269,P128,P128T-I,Tumor,DC,19
GSE160269::P128T-I::Fibroblasts,GSE160269,P128,P128T-I,Tumor,Fibroblasts,1
GSE160269::P128T-I::Mast,GSE160269,P128,P128T-I,Tumor,Mast,5
GSE160269::P128T-I::Mono/Macro,GSE160269,P128,P128T-I,Tumor,Mono/Macro,96
GSE160269::P128T-I::Plasma,GSE160269,P128,P128T-I,Tumor,Plasma,133
GSE160269::P128T-I::Tprolif,GSE160269,P128,P128T-I,Tumor,Tprolif,8
GSE160269::P128T-I::Treg,GSE160269,P128,P128T-I,Tumor,Treg,95
GSE160269::P130N-I::B,GSE160269,P130,P130N-I,Normal,B,141
GSE160269::P130N-I::CD4Tconv,GSE160269,P130,P130N-I,Normal,CD4Tconv,915
GSE160269::P130N-I::CD8Tex,GSE160269,P130,P130N-I,Normal,CD8Tex,679
GSE160269::P130N-I::DC,GSE160269,P130,P130N-I,Normal,DC,86
GSE160269::P130N-I::Fibroblasts,GSE160269,P130,P130N-I,Normal,Fibroblasts,10
GSE160269::P130N-I::Mast,GSE160269,P130,P130N-I,Normal,Mast,6
GSE160269::P130N-I::Mono/Macro,GSE160269,P130,P130N-I,Normal,Mono/Macro,142
GSE160269::P130N-I::Plasma,GSE160269,P130,P130N-I,Normal,Plasma,3
GSE160269::P130N-I::Tprolif,GSE160269,P130,P130N-I,Normal,Tprolif,8
GSE160269::P130N-I::Treg,GSE160269,P130,P130N-I,Normal,Treg,61
GSE160269::P130T-I::B,GSE160269,P130,P130T-I,Tumor,B,124
GSE160269::P130T-I::CD4Tconv,GSE160269,P130,P130T-I,Tumor,CD4Tconv,449
GSE160269::P130T-I::CD8Tex,GSE160269,P130,P130T-I,Tumor,CD8Tex,265
GSE160269::P130T-I::DC,GSE160269,P130,P130T-I,Tumor,DC,86
GSE160269::P130T-I::Fibroblasts,GSE160269,P130,P130T-I,Tumor,Fibroblasts,11
GSE160269::P130T-I::Mast,GSE160269,P130,P130T-I,Tumor,Mast,14
GSE160269::P130T-I::Mono/Macro,GSE160269,P130,P130T-I,Tumor,Mono/Macro,457
GSE160269::P130T-I::Plasma,GSE160269,P130,P130T-I,Tumor,Plasma,21
GSE160269::P130T-I::Tprolif,GSE160269,P130,P130T-I,Tumor,Tprolif,14
GSE160269::P130T-I::Treg,GSE160269,P130,P130T-I,Tumor,Treg,54
GSE160269::P15T-I::B,GSE160269,P15,P15T-I,Tumor,B,47
GSE160269::P15T-I::CD4Tconv,GSE160269,P15,P15T-I,Tumor,CD4Tconv,457
GSE160269::P15T-I::CD8Tex,GSE160269,P15,P15T-I,Tumor,CD8Tex,721
GSE160269::P15T-I::DC,GSE160269,P15,P15T-I,Tumor,DC,16
GSE160269::P15T-I::Fibroblasts,GSE160269,P15,P15T-I,Tumor,Fibroblasts,1
GSE160269::P15T-I::Mast,GSE160269,P15,P15T-I,Tumor,Mast,16
GSE160269::P15T-I::Mono/Macro,GSE160269,P15,P15T-I,Tumor,Mono/Macro,116
GSE160269::P15T-I::Plasma,GSE160269,P15,P15T-I,Tumor,Plasma,222
GSE160269::P15T-I::Tprolif,GSE160269,P15,P15T-I,Tumor,Tprolif,29
GSE160269::P15T-I::Treg,GSE160269,P15,P15T-I,Tumor,Treg,202
GSE160269::P16T-I::B,GSE160269,P16,P16T-I,Tumor,B,43
GSE160269::P16T-I::CD4Tconv,GSE160269,P16,P16T-I,Tumor,CD4Tconv,125
GSE160269::P16T-I::CD8Tex,GSE160269,P16,P16T-I,Tumor,CD8Tex,346
GSE160269::P16T-I::DC,GSE160269,P16,P16T-I,Tumor,DC,21
GSE160269::P16T-I::Fibroblasts,GSE160269,P16,P16T-I,Tumor,Fibroblasts,7
GSE160269::P16T-I::Malignant,GSE160269,P16,P16T-I,Tumor,Malignant,1
GSE160269::P16T-I::Mast,GSE160269,P16,P16T-I,Tumor,Mast,1
GSE160269::P16T-I::Mono/Macro,GSE160269,P16,P16T-I,Tumor,Mono/Macro,192
GSE160269::P16T-I::Plasma,GSE160269,P16,P16T-I,Tumor,Plasma,159
GSE160269::P16T-I::Tprolif,GSE160269,P16,P16T-I,Tumor,Tprolif,89
GSE160269::P16T-I::Treg,GSE160269,P16,P16T-I,Tumor,Treg,205
GSE160269::P17T-I::B,GSE160269,P17,P17T-I,Tumor,B,139
GSE160269::P17T-I::CD4Tconv,GSE160269,P17,P17T-I,Tumor,CD4Tconv,227
GSE160269::P17T-I::CD8Tex,GSE160269,P17,P17T-I,Tumor,CD8Tex,469
GSE160269::P17T-I::DC,GSE160269,P17,P17T-I,Tumor,DC,18
GSE160269::P17T-I::Fibroblasts,GSE160269,P17,P17T-I,Tumor,Fibroblasts,12
GSE160269::P17T-I::Mast,GSE160269,P17,P17T-I,Tumor,Mast,6
GSE160269::P17T-I::Mono/Macro,GSE160269,P17,P17T-I,Tumor,Mono/Macro,52
GSE160269::P17T-I::Plasma,GSE160269,P17,P17T-I,Tumor,Plasma,161
GSE160269::P17T-I::Tprolif,GSE160269,P17,P17T-I,Tumor,Tprolif,58
GSE160269::P17T-I::Treg,GSE160269,P17,P17T-I,Tumor,Treg,269
GSE160269::P19T-I::B,GSE160269,P19,P19T-I,Tumor,B,110
GSE160269::P19T-I::CD4Tconv,GSE160269,P19,P19T-I,Tumor,CD4Tconv,194
GSE160269::P19T-I::CD8Tex,GSE160269,P19,P19T-I,Tumor,CD8Tex,403
GSE160269::P19T-I::DC,GSE160269,P19,P19T-I,Tumor,DC,35
GSE160269::P19T-I::Fibroblasts,GSE160269,P19,P19T-I,Tumor,Fibroblasts,11
GSE160269::P19T-I::Mast,GSE160269,P19,P19T-I,Tumor,Mast,22
GSE160269::P19T-I::Mono/Macro,GSE160269,P19,P19T-I,Tumor,Mono/Macro,249
GSE160269::P19T-I::Plasma,GSE160269,P19,P19T-I,Tumor,Plasma,48
GSE160269::P19T-I::Tprolif,GSE160269,P19,P19T-I,Tumor,Tprolif,25
GSE160269::P19T-I::Treg,GSE160269,P19,P19T-I,Tumor,Treg,139
GSE160269::P2T-I::B,GSE160269,P2,P2T-I,Tumor,B,193
GSE160269::P2T-I::CD4Tconv,GSE160269,P2,P2T-I,Tumor,CD4Tconv,543
GSE160269::P2T-I::CD8Tex,GSE160269,P2,P2T-I,Tumor,CD8Tex,392
GSE160269::P2T-I::DC,GSE160269,P2,P2T-I,Tumor,DC,45
GSE160269::P2T-I::Fibroblasts,GSE160269,P2,P2T-I,Tumor,Fibroblasts,5
GSE160269::P2T-I::Mast,GSE160269,P2,P2T-I,Tumor,Mast,6
GSE160269::P2T-I::Mono/Macro,GSE160269,P2,P2T-I,Tumor,Mono/Macro,119
GSE160269::P2T-I::Plasma,GSE160269,P2,P2T-I,Tumor,Plasma,192
GSE160269::P2T-I::Tprolif,GSE160269,P2,P2T-I,Tumor,Tprolif,51
GSE160269::P2T-I::Treg,GSE160269,P2,P2T-I,Tumor,Treg,230
GSE160269::P20T-I::B,GSE160269,P20,P20T-I,Tumor,B,38
GSE160269::P20T-I::CD4Tconv,GSE160269,P20,P20T-I,Tumor,CD4Tconv,308
GSE160269::P20T-I::CD8Tex,GSE160269,P20,P20T-I,Tumor,CD8Tex,408
GSE160269::P20T-I::DC,GSE160269,P20,P20T-I,Tumor,DC,45
GSE160269::P20T-I::Fibroblasts,GSE160269,P20,P20T-I,Tumor,Fibroblasts,6
GSE160269::P20T-I::Mast,GSE160269,P20,P20T-I,Tumor,Mast,22
GSE160269::P20T-I::Mono/Macro,GSE160269,P20,P20T-I,Tumor,Mono/Macro,377
GSE160269::P20T-I::Plasma,GSE160269,P20,P20T-I,Tumor,Plasma,45
GSE160269::P20T-I::Tprolif,GSE160269,P20,P20T-I,Tumor,Tprolif,24
GSE160269::P20T-I::Treg,GSE160269,P20,P20T-I,Tumor,Treg,87
GSE160269::P21T-I::B,GSE160269,P21,P21T-I,Tumor,B,78
GSE160269::P21T-I::CD4Tconv,GSE160269,P21,P21T-I,Tumor,CD4Tconv,313
GSE160269::P21T-I::CD8Tex,GSE160269,P21,P21T-I,Tumor,CD8Tex,217
GSE160269::P21T-I::DC,GSE160269,P21,P21T-I,Tumor,DC,79
GSE160269::P21T-I::Fibroblasts,GSE160269,P21,P21T-I,Tumor,Fibroblasts,15
GSE160269::P21T-I::Mast,GSE160269,P21,P21T-I,Tumor,Mast,36
GSE160269::P21T-I::Mono/Macro,GSE160269,P21,P21T-I,Tumor,Mono/Macro,152
GSE160269::P21T-I::Plasma,GSE160269,P21,P21T-I,Tumor,Plasma,60
GSE160269::P21T-I::Tprolif,GSE160269,P21,P21T-I,Tumor,Tprolif,19
GSE160269::P21T-I::Treg,GSE160269,P21,P21T-I,Tumor,Treg,130
GSE160269::P22T-I::B,GSE160269,P22,P22T-I,Tumor,B,41
GSE160269::P22T-I::CD4Tconv,GSE160269,P22,P22T-I,Tumor,CD4Tconv,632
GSE160269::P22T-I::CD8Tex,GSE160269,P22,P22T-I,Tumor,CD8Tex,930
GSE160269::P22T-I::DC,GSE160269,P22,P22T-I,Tumor,DC,20
GSE160269::P22T-I::Fibroblasts,GSE160269,P22,P22T-I,Tumor,Fibroblasts,3
GSE160269::P22T-I::Mast,GSE160269,P22,P22T-I,Tumor,Mast,53
GSE160269::P22T-I::Mono/Macro,GSE160269,P22,P22T-I,Tumor,Mono/Macro,269
GSE160269::P22T-I::Plasma,GSE160269,P22,P22T-I,Tumor,Plasma,6
GSE160269::P22T-I::Tprolif,GSE160269,P22,P22T-I,Tumor,Tprolif,27
GSE160269::P22T-I::Treg,GSE160269,P22,P22T-I,Tumor,Treg,57
GSE160269::P23T-I::B,GSE160269,P23,P23T-I,Tumor,B,158
GSE160269::P23T-I::CD4Tconv,GSE160269,P23,P23T-I,Tumor,CD4Tconv,229
GSE160269::P23T-I::CD8Tex,GSE160269,P23,P23T-I,Tumor,CD8Tex,357
GSE160269::P23T-I::DC,GSE160269,P23,P23T-I,Tumor,DC,85
GSE160269::P23T-I::Fibroblasts,GSE160269,P23,P23T-I,Tumor,Fibroblasts,7
GSE160269::P23T-I::Mast,GSE160269,P23,P23T-I,Tumor,Mast,95
GSE160269::P23T-I::Mono/Macro,GSE160269,P23,P23T-I,Tumor,Mono/Macro,152
GSE160269::P23T-I::Plasma,GSE160269,P23,P23T-I,Tumor,Plasma,262
GSE160269::P23T-I::Tprolif,GSE160269,P23,P23T-I,Tumor,Tprolif,43
GSE160269::P23T-I::Treg,GSE160269,P23,P23T-I,Tumor,Treg,314
GSE160269::P24T-I::B,GSE160269,P24,P24T-I,Tumor,B,55
GSE160269::P24T-I::CD4Tconv,GSE160269,P24,P24T-I,Tumor,CD4Tconv,526
GSE160269::P24T-I::CD8Tex,GSE160269,P24,P24T-I,Tumor,CD8Tex,2707
GSE160269::P24T-I::DC,GSE160269,P24,P24T-I,Tumor,DC,28
GSE160269::P24T-I::Fibroblasts,GSE160269,P24,P24T-I,Tumor,Fibroblasts,14
GSE160269::P24T-I::Mast,GSE160269,P24,P24T-I,Tumor,Mast,9
GSE160269::P24T-I::Mono/Macro,GSE160269,P24,P24T-I,Tumor,Mono/Macro,8
GSE160269::P24T-I::Plasma,GSE160269,P24,P24T-I,Tumor,Plasma,21
GSE160269::P24T-I::Tprolif,GSE160269,P24,P24T-I,Tumor,Tprolif,107
GSE160269::P24T-I::Treg,GSE160269,P24,P24T-I,Tumor,Treg,235
GSE160269::P26T-I::B,GSE160269,P26,P26T-I,Tumor,B,62
GSE160269::P26T-I::CD4Tconv,GSE160269,P26,P26T-I,Tumor,CD4Tconv,356
GSE160269::P26T-I::CD8Tex,GSE160269,P26,P26T-I,Tumor,CD8Tex,507
GSE160269::P26T-I::DC,GSE160269,P26,P26T-I,Tumor,DC,35
GSE160269::P26T-I::Fibroblasts,GSE160269,P26,P26T-I,Tumor,Fibroblasts,16
GSE160269::P26T-I::Mast,GSE160269,P26,P26T-I,Tumor,Mast,41
GSE160269::P26T-I::Mono/Macro,GSE160269,P26,P26T-I,Tumor,Mono/Macro,69
GSE160269::P26T-I::Plasma,GSE160269,P26,P26T-I,Tumor,Plasma,418
GSE160269::P26T-I::Tprolif,GSE160269,P26,P26T-I,Tumor,Tprolif,64
GSE160269::P26T-I::Treg,GSE160269,P26,P26T-I,Tumor,Treg,424
GSE160269::P27T-I::B,GSE160269,P27,P27T-I,Tumor,B,186
GSE160269::P27T-I::CD4Tconv,GSE160269,P27,P27T-I,Tumor,CD4Tconv,511
GSE160269::P27T-I::CD8Tex,GSE160269,P27,P27T-I,Tumor,CD8Tex,814
GSE160269::P27T-I::DC,GSE160269,P27,P27T-I,Tumor,DC,33
GSE160269::P27T-I::Fibroblasts,GSE160269,P27,P27T-I,Tumor,Fibroblasts,6
GSE160269::P27T-I::Mast,GSE160269,P27,P27T-I,Tumor,Mast,30
GSE160269::P27T-I::Mono/Macro,GSE160269,P27,P27T-I,Tumor,Mono/Macro,55
GSE160269::P27T-I::Plasma,GSE160269,P27,P27T-I,Tumor,Plasma,185
GSE160269::P27T-I::Tprolif,GSE160269,P27,P27T-I,Tumor,Tprolif,52
GSE160269::P27T-I::Treg,GSE160269,P27,P27T-I,Tumor,Treg,119
GSE160269::P28T-I::B,GSE160269,P28,P28T-I,Tumor,B,129
GSE160269::P28T-I::CD4Tconv,GSE160269,P28,P28T-I,Tumor,CD4Tconv,432
GSE160269::P28T-I::CD8Tex,GSE160269,P28,P28T-I,Tumor,CD8Tex,454
GSE160269::P28T-I::DC,GSE160269,P28,P28T-I,Tumor,DC,52
GSE160269::P28T-I::Fibroblasts,GSE160269,P28,P28T-I,Tumor,Fibroblasts,27
GSE160269::P28T-I::Mast,GSE160269,P28,P28T-I,Tumor,Mast,5
GSE160269::P28T-I::Mono/Macro,GSE160269,P28,P28T-I,Tumor,Mono/Macro,165
GSE160269::P28T-I::Plasma,GSE160269,P28,P28T-I,Tumor,Plasma,61
GSE160269::P28T-I::Tprolif,GSE160269,P28,P28T-I,Tumor,Tprolif,23
GSE160269::P28T-I::Treg,GSE160269,P28,P28T-I,Tumor,Treg,177
GSE160269::P30T-I::B,GSE160269,P30,P30T-I,Tumor,B,398
GSE160269::P30T-I::CD4Tconv,GSE160269,P30,P30T-I,Tumor,CD4Tconv,1028
GSE160269::P30T-I::CD8Tex,GSE160269,P30,P30T-I,Tumor,CD8Tex,175
GSE160269::P30T-I::DC,GSE160269,P30,P30T-I,Tumor,DC,110
GSE160269::P30T-I::Fibroblasts,GSE160269,P30,P30T-I,Tumor,Fibroblasts,30
GSE160269::P30T-I::Mast,GSE160269,P30,P30T-I,Tumor,Mast,5
GSE160269::P30T-I::Mono/Macro,GSE160269,P30,P30T-I,Tumor,Mono/Macro,340
GSE160269::P30T-I::Plasma,GSE160269,P30,P30T-I,Tumor,Plasma,7
GSE160269::P30T-I::Tprolif,GSE160269,P30,P30T-I,Tumor,Tprolif,13
GSE160269::P30T-I::Treg,GSE160269,P30,P30T-I,Tumor,Treg,92
GSE160269::P31T-I::B,GSE160269,P31,P31T-I,Tumor,B,149
GSE160269::P31T-I::CD4Tconv,GSE160269,P31,P31T-I,Tumor,CD4Tconv,168
GSE160269::P31T-I::CD8Tex,GSE160269,P31,P31T-I,Tumor,CD8Tex,418
GSE160269::P31T-I::DC,GSE160269,P31,P31T-I,Tumor,DC,198
GSE160269::P31T-I::Fibroblasts,GSE160269,P31,P31T-I,Tumor,Fibroblasts,58
GSE160269::P31T-I::Mast,GSE160269,P31,P31T-I,Tumor,Mast,120
GSE160269::P31T-I::Mono/Macro,GSE160269,P31,P31T-I,Tumor,Mono/Macro,279
GSE160269::P31T-I::Plasma,GSE160269,P31,P31T-I,Tumor,Plasma,401
GSE160269::P31T-I::Tprolif,GSE160269,P31,P31T-I,Tumor,Tprolif,78
GSE160269::P31T-I::Treg,GSE160269,P31,P31T-I,Tumor,Treg,201
GSE160269::P32T-I::B,GSE160269,P32,P32T-I,Tumor,B,37
GSE160269::P32T-I::CD4Tconv,GSE160269,P32,P32T-I,Tumor,CD4Tconv,94
GSE160269::P32T-I::CD8Tex,GSE160269,P32,P32T-I,Tumor,CD8Tex,239
GSE160269::P32T-I::DC,GSE160269,P32,P32T-I,Tumor,DC,38
GSE160269::P32T-I::Fibroblasts,GSE160269,P32,P32T-I,Tumor,Fibroblasts,4
GSE160269::P32T-I::Mast,GSE160269,P32,P32T-I,Tumor,Mast,40
GSE160269::P32T-I::Mono/Macro,GSE160269,P32,P32T-I,Tumor,Mono/Macro,377
GSE160269::P32T-I::Plasma,GSE160269,P32,P32T-I,Tumor,Plasma,176
GSE160269::P32T-I::Tprolif,GSE160269,P32,P32T-I,Tumor,Tprolif,45
GSE160269::P32T-I::Treg,GSE160269,P32,P32T-I,Tumor,Treg,114
GSE160269::P36T-I::B,GSE160269,P36,P36T-I,Tumor,B,74
GSE160269::P36T-I::CD4Tconv,GSE160269,P36,P36T-I,Tumor,CD4Tconv,273
GSE160269::P36T-I::CD8Tex,GSE160269,P36,P36T-I,Tumor,CD8Tex,790
GSE160269::P36T-I::DC,GSE160269,P36,P36T-I,Tumor,DC,29
GSE160269::P36T-I::Fibroblasts,GSE160269,P36,P36T-I,Tumor,Fibroblasts,24
GSE160269::P36T-I::Mast,GSE160269,P36,P36T-I,Tumor,Mast,8
GSE160269::P36T-I::Mono/Macro,GSE160269,P36,P36T-I,Tumor,Mono/Macro,176
GSE160269::P36T-I::Plasma,GSE160269,P36,P36T-I,Tumor,Plasma,48
GSE160269::P36T-I::Tprolif,GSE160269,P36,P36T-I,Tumor,Tprolif,73
GSE160269::P36T-I::Treg,GSE160269,P36,P36T-I,Tumor,Treg,310
GSE160269::P37T-I::B,GSE160269,P37,P37T-I,Tumor,B,18
GSE160269::P37T-I::CD4Tconv,GSE160269,P37,P37T-I,Tumor,CD4Tconv,147
GSE160269::P37T-I::CD8Tex,GSE160269,P37,P37T-I,Tumor,CD8Tex,232
GSE160269::P37T-I::DC,GSE160269,P37,P37T-I,Tumor,DC,10
GSE160269::P37T-I::Fibroblasts,GSE160269,P37,P37T-I,Tumor,Fibroblasts,3
GSE160269::P37T-I::Mast,GSE160269,P37,P37T-I,Tumor,Mast,4
GSE160269::P37T-I::Mono/Macro,GSE160269,P37,P37T-I,Tumor,Mono/Macro,102
GSE160269::P37T-I::Plasma,GSE160269,P37,P37T-I,Tumor,Plasma,120
GSE160269::P37T-I::Tprolif,GSE160269,P37,P37T-I,Tumor,Tprolif,27
GSE160269::P37T-I::Treg,GSE160269,P37,P37T-I,Tumor,Treg,65
GSE160269::P38T-I::B,GSE160269,P38,P38T-I,Tumor,B,11
GSE160269::P38T-I::CD4Tconv,GSE160269,P38,P38T-I,Tumor,CD4Tconv,155
GSE160269::P38T-I::CD8Tex,GSE160269,P38,P38T-I,Tumor,CD8Tex,1524
GSE160269::P38T-I::DC,GSE160269,P38,P38T-I,Tumor,DC,20
GSE160269::P38T-I::Fibroblasts,GSE160269,P38,P38T-I,Tumor,Fibroblasts,2
GSE160269::P38T-I::Mast,GSE160269,P38,P38T-I,Tumor,Mast,9
GSE160269::P38T-I::Mono/Macro,GSE160269,P38,P38T-I,Tumor,Mono/Macro,117
GSE160269::P38T-I::Plasma,GSE160269,P38,P38T-I,Tumor,Plasma,7
GSE160269::P38T-I::Tprolif,GSE160269,P38,P38T-I,Tumor,Tprolif,225
GSE160269::P38T-I::Treg,GSE160269,P38,P38T-I,Tumor,Treg,136
GSE160269::P39T-I::B,GSE160269,P39,P39T-I,Tumor,B,200
GSE160269::P39T-I::CD4Tconv,GSE160269,P39,P39T-I,Tumor,CD4Tconv,267
GSE160269::P39T-I::CD8Tex,GSE160269,P39,P39T-I,Tumor,CD8Tex,449
GSE160269::P39T-I::DC,GSE160269,P39,P39T-I,Tumor,DC,29
GSE160269::P39T-I::Fibroblasts,GSE160269,P39,P39T-I,Tumor,Fibroblasts,1
GSE160269::P39T-I::Mast,GSE160269,P39,P39T-I,Tumor,Mast,46
GSE160269::P39T-I::Mono/Macro,GSE160269,P39,P39T-I,Tumor,Mono/Macro,204
GSE160269::P39T-I::Plasma,GSE160269,P39,P39T-I,Tumor,Plasma,103
GSE160269::P39T-I::Tprolif,GSE160269,P39,P39T-I,Tumor,Tprolif,27
GSE160269::P39T-I::Treg,GSE160269,P39,P39T-I,Tumor,Treg,50
GSE160269::P4T-I::B,GSE160269,P4,P4T-I,Tumor,B,51
GSE160269::P4T-I::CD4Tconv,GSE160269,P4,P4T-I,Tumor,CD4Tconv,522
GSE160269::P4T-I::CD8Tex,GSE160269,P4,P4T-I,Tumor,CD8Tex,182
GSE160269::P4T-I::DC,GSE160269,P4,P4T-I,Tumor,DC,57
GSE160269::P4T-I::Fibroblasts,GSE160269,P4,P4T-I,Tumor,Fibroblasts,23
GSE160269::P4T-I::Mast,GSE160269,P4,P4T-I,Tumor,Mast,12
GSE160269::P4T-I::Mono/Macro,GSE160269,P4,P4T-I,Tumor,Mono/Macro,322
GSE160269::P4T-I::Plasma,GSE160269,P4,P4T-I,Tumor,Plasma,228
GSE160269::P4T-I::Tprolif,GSE160269,P4,P4T-I,Tumor,Tprolif,42
GSE160269::P4T-I::Treg,GSE160269,P4,P4T-I,Tumor,Treg,128
GSE160269::P40T-I::B,GSE160269,P40,P40T-I,Tumor,B,347
GSE160269::P40T-I::CD4Tconv,GSE160269,P40,P40T-I,Tumor,CD4Tconv,551
GSE160269::P40T-I::CD8Tex,GSE160269,P40,P40T-I,Tumor,CD8Tex,1578
GSE160269::P40T-I::DC,GSE160269,P40,P40T-I,Tumor,DC,75
GSE160269::P40T-I::Fibroblasts,GSE160269,P40,P40T-I,Tumor,Fibroblasts,59
GSE160269::P40T-I::Mast,GSE160269,P40,P40T-I,Tumor,Mast,84
GSE160269::P40T-I::Mono/Macro,GSE160269,P40,P40T-I,Tumor,Mono/Macro,130
GSE160269::P40T-I::Plasma,GSE160269,P40,P40T-I,Tumor,Plasma,105
GSE160269::P40T-I::Tprolif,GSE160269,P40,P40T-I,Tumor,Tprolif,169
GSE160269::P40T-I::Treg,GSE160269,P40,P40T-I,Tumor,Treg,136
GSE160269::P42T-I::B,GSE160269,P42,P42T-I,Tumor,B,141
GSE160269::P42T-I::CD4Tconv,GSE160269,P42,P42T-I,Tumor,CD4Tconv,425
GSE160269::P42T-I::CD8Tex,GSE160269,P42,P42T-I,Tumor,CD8Tex,377
GSE160269::P42T-I::DC,GSE160269,P42,P42T-I,Tumor,DC,66
GSE160269::P42T-I::Fibroblasts,GSE160269,P42,P42T-I,Tumor,Fibroblasts,5
GSE160269::P42T-I::Mast,GSE160269,P42,P42T-I,Tumor,Mast,74
GSE160269::P42T-I::Mono/Macro,GSE160269,P42,P42T-I,Tumor,Mono/Macro,333
GSE160269::P42T-I::Plasma,GSE160269,P42,P42T-I,Tumor,Plasma,47
GSE160269::P42T-I::Tprolif,GSE160269,P42,P42T-I,Tumor,Tprolif,24
GSE160269::P42T-I::Treg,GSE160269,P42,P42T-I,Tumor,Treg,197
GSE160269::P44T-I::B,GSE160269,P44,P44T-I,Tumor,B,152
GSE160269::P44T-I::CD4Tconv,GSE160269,P44,P44T-I,Tumor,CD4Tconv,225
GSE160269::P44T-I::CD8Tex,GSE160269,P44,P44T-I,Tumor,CD8Tex,203
GSE160269::P44T-I::DC,GSE160269,P44,P44T-I,Tumor,DC,104
GSE160269::P44T-I::Fibroblasts,GSE160269,P44,P44T-I,Tumor,Fibroblasts,14
GSE160269::P44T-I::Mast,GSE160269,P44,P44T-I,Tumor,Mast,48
GSE160269::P44T-I::Mono/Macro,GSE160269,P44,P44T-I,Tumor,Mono/Macro,407
GSE160269::P44T-I::Plasma,GSE160269,P44,P44T-I,Tumor,Plasma,528
GSE160269::P44T-I::Tprolif,GSE160269,P44,P44T-I,Tumor,Tprolif,49
GSE160269::P44T-I::Treg,GSE160269,P44,P44T-I,Tumor,Treg,169
GSE160269::P47T-I::B,GSE160269,P47,P47T-I,Tumor,B,16
GSE160269::P47T-I::CD4Tconv,GSE160269,P47,P47T-I,Tumor,CD4Tconv,284
GSE160269::P47T-I::CD8Tex,GSE160269,P47,P47T-I,Tumor,CD8Tex,750
GSE160269::P47T-I::DC,GSE160269,P47,P47T-I,Tumor,DC,48
GSE160269::P47T-I::Fibroblasts,GSE160269,P47,P47T-I,Tumor,Fibroblasts,6
GSE160269::P47T-I::Mast,GSE160269,P47,P47T-I,Tumor,Mast,25
GSE160269::P47T-I::Mono/Macro,GSE160269,P47,P47T-I,Tumor,Mono/Macro,322
GSE160269::P47T-I::Plasma,GSE160269,P47,P47T-I,Tumor,Plasma,207
GSE160269::P47T-I::Tprolif,GSE160269,P47,P47T-I,Tumor,Tprolif,59
GSE160269::P47T-I::Treg,GSE160269,P47,P47T-I,Tumor,Treg,318
GSE160269::P48T-I::B,GSE160269,P48,P48T-I,Tumor,B,1189
GSE160269::P48T-I::CD4Tconv,GSE160269,P48,P48T-I,Tumor,CD4Tconv,433
GSE160269::P48T-I::CD8Tex,GSE160269,P48,P48T-I,Tumor,CD8Tex,228
GSE160269::P48T-I::DC,GSE160269,P48,P48T-I,Tumor,DC,8
GSE160269::P48T-I::Fibroblasts,GSE160269,P48,P48T-I,Tumor,Fibroblasts,5
GSE160269::P48T-I::Mast,GSE160269,P48,P48T-I,Tumor,Mast,8
GSE160269::P48T-I::Mono/Macro,GSE160269,P48,P48T-I,Tumor,Mono/Macro,56
GSE160269::P48T-I::Plasma,GSE160269,P48,P48T-I,Tumor,Plasma,67
GSE160269::P48T-I::Tprolif,GSE160269,P48,P48T-I,Tumor,Tprolif,10
GSE160269::P48T-I::Treg,GSE160269,P48,P48T-I,Tumor,Treg,129
GSE160269::P49T-I::B,GSE160269,P49,P49T-I,Tumor,B,4
GSE160269::P49T-I::CD4Tconv,GSE160269,P49,P49T-I,Tumor,CD4Tconv,154
GSE160269::P49T-I::CD8Tex,GSE160269,P49,P49T-I,Tumor,CD8Tex,350
GSE160269::P49T-I::DC,GSE160269,P49,P49T-I,Tumor,DC,56
GSE160269::P49T-I::Fibroblasts,GSE160269,P49,P49T-I,Tumor,Fibroblasts,7
GSE160269::P49T-I::Mast,GSE160269,P49,P49T-I,Tumor,Mast,55
GSE160269::P49T-I::Mono/Macro,GSE160269,P49,P49T-I,Tumor,Mono/Macro,155
GSE160269::P49T-I::Plasma,GSE160269,P49,P49T-I,Tumor,Plasma,39
GSE160269::P49T-I::Tprolif,GSE160269,P49,P49T-I,Tumor,Tprolif,35
GSE160269::P49T-I::Treg,GSE160269,P49,P49T-I,Tumor,Treg,135
GSE160269::P5T-I::B,GSE160269,P5,P5T-I,Tumor,B,142
GSE160269::P5T-I::CD4Tconv,GSE160269,P5,P5T-I,Tumor,CD4Tconv,456
GSE160269::P5T-I::CD8Tex,GSE160269,P5,P5T-I,Tumor,CD8Tex,872
GSE160269::P5T-I::DC,GSE160269,P5,P5T-I,Tumor,DC,84
GSE160269::P5T-I::Fibroblasts,GSE160269,P5,P5T-I,Tumor,Fibroblasts,14
GSE160269::P5T-I::Mast,GSE160269,P5,P5T-I,Tumor,Mast,53
GSE160269::P5T-I::Mono/Macro,GSE160269,P5,P5T-I,Tumor,Mono/Macro,340
GSE160269::P5T-I::Plasma,GSE160269,P5,P5T-I,Tumor,Plasma,219
GSE160269::P5T-I::Tprolif,GSE160269,P5,P5T-I,Tumor,Tprolif,140
GSE160269::P5T-I::Treg,GSE160269,P5,P5T-I,Tumor,Treg,116
GSE160269::P52T-I::B,GSE160269,P52,P52T-I,Tumor,B,132
GSE160269::P52T-I::CD4Tconv,GSE160269,P52,P52T-I,Tumor,CD4Tconv,212
GSE160269::P52T-I::CD8Tex,GSE160269,P52,P52T-I,Tumor,CD8Tex,623
GSE160269::P52T-I::DC,GSE160269,P52,P52T-I,Tumor,DC,41
GSE160269::P52T-I::Fibroblasts,GSE160269,P52,P52T-I,Tumor,Fibroblasts,31
GSE160269::P52T-I::Mast,GSE160269,P52,P52T-I,Tumor,Mast,39
GSE160269::P52T-I::Mono/Macro,GSE160269,P52,P52T-I,Tumor,Mono/Macro,260
GSE160269::P52T-I::Plasma,GSE160269,P52,P52T-I,Tumor,Plasma,107
GSE160269::P52T-I::Tprolif,GSE160269,P52,P52T-I,Tumor,Tprolif,79
GSE160269::P52T-I::Treg,GSE160269,P52,P52T-I,Tumor,Treg,146
GSE160269::P54T-I::B,GSE160269,P54,P54T-I,Tumor,B,646
GSE160269::P54T-I::CD4Tconv,GSE160269,P54,P54T-I,Tumor,CD4Tconv,409
GSE160269::P54T-I::CD8Tex,GSE160269,P54,P54T-I,Tumor,CD8Tex,476
GSE160269::P54T-I::DC,GSE160269,P54,P54T-I,Tumor,DC,35
GSE160269::P54T-I::Fibroblasts,GSE160269,P54,P54T-I,Tumor,Fibroblasts,11
GSE160269::P54T-I::Mast,GSE160269,P54,P54T-I,Tumor,Mast,36
GSE160269::P54T-I::Mono/Macro,GSE160269,P54,P54T-I,Tumor,Mono/Macro,247
GSE160269::P54T-I::Plasma,GSE160269,P54,P54T-I,Tumor,Plasma,83
GSE160269::P54T-I::Tprolif,GSE160269,P54,P54T-I,Tumor,Tprolif,30
GSE160269::P54T-I::Treg,GSE160269,P54,P54T-I,Tumor,Treg,168
GSE160269::P56T-I::B,GSE160269,P56,P56T-I,Tumor,B,239
GSE160269::P56T-I::CD4Tconv,GSE160269,P56,P56T-I,Tumor,CD4Tconv,79
GSE160269::P56T-I::CD8Tex,GSE160269,P56,P56T-I,Tumor,CD8Tex,59
GSE160269::P56T-I::DC,GSE160269,P56,P56T-I,Tumor,DC,16
GSE160269::P56T-I::Fibroblasts,GSE160269,P56,P56T-I,Tumor,Fibroblasts,4
GSE160269::P56T-I::Mast,GSE160269,P56,P56T-I,Tumor,Mast,15
GSE160269::P56T-I::Mono/Macro,GSE160269,P56,P56T-I,Tumor,Mono/Macro,98
GSE160269::P56T-I::Plasma,GSE160269,P56,P56T-I,Tumor,Plasma,135
GSE160269::P56T-I::Tprolif,GSE160269,P56,P56T-I,Tumor,Tprolif,4
GSE160269::P56T-I::Treg,GSE160269,P56,P56T-I,Tumor,Treg,57
GSE160269::P57T-I::B,GSE160269,P57,P57T-I,Tumor,B,184
GSE160269::P57T-I::CD4Tconv,GSE160269,P57,P57T-I,Tumor,CD4Tconv,193
GSE160269::P57T-I::CD8Tex,GSE160269,P57,P57T-I,Tumor,CD8Tex,258
GSE160269::P57T-I::DC,GSE160269,P57,P57T-I,Tumor,DC,18
GSE160269::P57T-I::Mast,GSE160269,P57,P57T-I,Tumor,Mast,63
GSE160269::P57T-I::Mono/Macro,GSE160269,P57,P57T-I,Tumor,Mono/Macro,25
GSE160269::P57T-I::Plasma,GSE160269,P57,P57T-I,Tumor,Plasma,213
GSE160269::P57T-I::Tprolif,GSE160269,P57,P57T-I,Tumor,Tprolif,7
GSE160269::P57T-I::Treg,GSE160269,P57,P57T-I,Tumor,Treg,106
GSE160269::P61T-I::B,GSE160269,P61,P61T-I,Tumor,B,83
GSE160269::P61T-I::CD4Tconv,GSE160269,P61,P61T-I,Tumor,CD4Tconv,770
GSE160269::P61T-I::CD8Tex,GSE160269,P61,P61T-I,Tumor,CD8Tex,617
GSE160269::P61T-I::DC,GSE160269,P61,P61T-I,Tumor,DC,15
GSE160269::P61T-I::Fibroblasts,GSE160269,P61,P61T-I,Tumor,Fibroblasts,4
GSE160269::P61T-I::Mast,GSE160269,P61,P61T-I,Tumor,Mast,49
GSE160269::P61T-I::Mono/Macro,GSE160269,P61,P61T-I,Tumor,Mono/Macro,56
GSE160269::P61T-I::Plasma,GSE160269,P61,P61T-I,Tumor,Plasma,63
GSE160269::P61T-I::Tprolif,GSE160269,P61,P61T-I,Tumor,Tprolif,33
GSE160269::P61T-I::Treg,GSE160269,P61,P61T-I,Tumor,Treg,249
GSE160269::P62T-I::B,GSE160269,P62,P62T-I,Tumor,B,648
GSE160269::P62T-I::CD4Tconv,GSE160269,P62,P62T-I,Tumor,CD4Tconv,333
GSE160269::P62T-I::CD8Tex,GSE160269,P62,P62T-I,Tumor,CD8Tex,421
GSE160269::P62T-I::DC,GSE160269,P62,P62T-I,Tumor,DC,26
GSE160269::P62T-I::Fibroblasts,GSE160269,P62,P62T-I,Tumor,Fibroblasts,12
GSE160269::P62T-I::Mast,GSE160269,P62,P62T-I,Tumor,Mast,5
GSE160269::P62T-I::Mono/Macro,GSE160269,P62,P62T-I,Tumor,Mono/Macro,92
GSE160269::P62T-I::Plasma,GSE160269,P62,P62T-I,Tumor,Plasma,19
GSE160269::P62T-I::Tprolif,GSE160269,P62,P62T-I,Tumor,Tprolif,21
GSE160269::P62T-I::Treg,GSE160269,P62,P62T-I,Tumor,Treg,121
GSE160269::P63T-I::B,GSE160269,P63,P63T-I,Tumor,B,462
GSE160269::P63T-I::CD4Tconv,GSE160269,P63,P63T-I,Tumor,CD4Tconv,500
GSE160269::P63T-I::CD8Tex,GSE160269,P63,P63T-I,Tumor,CD8Tex,248
GSE160269::P63T-I::DC,GSE160269,P63,P63T-I,Tumor,DC,32
GSE160269::P63T-I::Mast,GSE160269,P63,P63T-I,Tumor,Mast,12
GSE160269::P63T-I::Mono/Macro,GSE160269,P63,P63T-I,Tumor,Mono/Macro,273
GSE160269::P63T-I::Plasma,GSE160269,P63,P63T-I,Tumor,Plasma,92
GSE160269::P63T-I::Tprolif,GSE160269,P63,P63T-I,Tumor,Tprolif,13
GSE160269::P63T-I::Treg,GSE160269,P63,P63T-I,Tumor,Treg,110
GSE160269::P65T-I::B,GSE160269,P65,P65T-I,Tumor,B,865
GSE160269::P65T-I::CD4Tconv,GSE160269,P65,P65T-I,Tumor,CD4Tconv,591
GSE160269::P65T-I::CD8Tex,GSE160269,P65,P65T-I,Tumor,CD8Tex,336
GSE160269::P65T-I::DC,GSE160269,P65,P65T-I,Tumor,DC,31
GSE160269::P65T-I::Fibroblasts,GSE160269,P65,P65T-I,Tumor,Fibroblasts,14
GSE160269::P65T-I::Mast,GSE160269,P65,P65T-I,Tumor,Mast,80
GSE160269::P65T-I::Mono/Macro,GSE160269,P65,P65T-I,Tumor,Mono/Macro,137
GSE160269::P65T-I::Plasma,GSE160269,P65,P65T-I,Tumor,Plasma,35
GSE160269::P65T-I::Tprolif,GSE160269,P65,P65T-I,Tumor,Tprolif,6
GSE160269::P65T-I::Treg,GSE160269,P65,P65T-I,Tumor,Treg,72
GSE160269::P74T-I::B,GSE160269,P74,P74T-I,Tumor,B,100
GSE160269::P74T-I::CD4Tconv,GSE160269,P74,P74T-I,Tumor,CD4Tconv,205
GSE160269::P74T-I::CD8Tex,GSE160269,P74,P74T-I,Tumor,CD8Tex,490
GSE160269::P74T-I::DC,GSE160269,P74,P74T-I,Tumor,DC,33
GSE160269::P74T-I::Fibroblasts,GSE160269,P74,P74T-I,Tumor,Fibroblasts,1
GSE160269::P74T-I::Mast,GSE160269,P74,P74T-I,Tumor,Mast,20
GSE160269::P74T-I::Mono/Macro,GSE160269,P74,P74T-I,Tumor,Mono/Macro,267
GSE160269::P74T-I::Plasma,GSE160269,P74,P74T-I,Tumor,Plasma,109
GSE160269::P74T-I::Tprolif,GSE160269,P74,P74T-I,Tumor,Tprolif,52
GSE160269::P74T-I::Treg,GSE160269,P74,P74T-I,Tumor,Treg,180
GSE160269::P75T-I::B,GSE160269,P75,P75T-I,Tumor,B,88
GSE160269::P75T-I::CD4Tconv,GSE160269,P75,P75T-I,Tumor,CD4Tconv,384
GSE160269::P75T-I::CD8Tex,GSE160269,P75,P75T-I,Tumor,CD8Tex,714
GSE160269::P75T-I::DC,GSE160269,P75,P75T-I,Tumor,DC,30
GSE160269::P75T-I::Fibroblasts,GSE160269,P75,P75T-I,Tumor,Fibroblasts,8
GSE160269::P75T-I::Mast,GSE160269,P75,P75T-I,Tumor,Mast,18
GSE160269::P75T-I::Mono/Macro,GSE160269,P75,P75T-I,Tumor,Mono/Macro,228
GSE160269::P75T-I::Plasma,GSE160269,P75,P75T-I,Tumor,Plasma,45
GSE160269::P75T-I::Tprolif,GSE160269,P75,P75T-I,Tumor,Tprolif,61
GSE160269::P75T-I::Treg,GSE160269,P75,P75T-I,Tumor,Treg,140
GSE160269::P76T-I::B,GSE160269,P76,P76T-I,Tumor,B,382
GSE160269::P76T-I::CD4Tconv,GSE160269,P76,P76T-I,Tumor,CD4Tconv,258
GSE160269::P76T-I::CD8Tex,GSE160269,P76,P76T-I,Tumor,CD8Tex,427
GSE160269::P76T-I::DC,GSE160269,P76,P76T-I,Tumor,DC,57
GSE160269::P76T-I::Fibroblasts,GSE160269,P76,P76T-I,Tumor,Fibroblasts,5
GSE160269::P76T-I::Mast,GSE160269,P76,P76T-I,Tumor,Mast,37
GSE160269::P76T-I::Mono/Macro,GSE160269,P76,P76T-I,Tumor,Mono/Macro,164
GSE160269::P76T-I::Plasma,GSE160269,P76,P76T-I,Tumor,Plasma,144
GSE160269::P76T-I::Tprolif,GSE160269,P76,P76T-I,Tumor,Tprolif,39
GSE160269::P76T-I::Treg,GSE160269,P76,P76T-I,Tumor,Treg,141
GSE160269::P79T-I::B,GSE160269,P79,P79T-I,Tumor,B,333
GSE160269::P79T-I::CD4Tconv,GSE160269,P79,P79T-I,Tumor,CD4Tconv,348
GSE160269::P79T-I::CD8Tex,GSE160269,P79,P79T-I,Tumor,CD8Tex,187
GSE160269::P79T-I::DC,GSE160269,P79,P79T-I,Tumor,DC,32
GSE160269::P79T-I::Fibroblasts,GSE160269,P79,P79T-I,Tumor,Fibroblasts,11
GSE160269::P79T-I::Mast,GSE160269,P79,P79T-I,Tumor,Mast,38
GSE160269::P79T-I::Mono/Macro,GSE160269,P79,P79T-I,Tumor,Mono/Macro,157
GSE160269::P79T-I::Plasma,GSE160269,P79,P79T-I,Tumor,Plasma,209
GSE160269::P79T-I::Tprolif,GSE160269,P79,P79T-I,Tumor,Tprolif,29
GSE160269::P79T-I::Treg,GSE160269,P79,P79T-I,Tumor,Treg,180
GSE160269::P8T-I::B,GSE160269,P8,P8T-I,Tumor,B,200
GSE160269::P8T-I::CD4Tconv,GSE160269,P8,P8T-I,Tumor,CD4Tconv,786
GSE160269::P8T-I::CD8Tex,GSE160269,P8,P8T-I,Tumor,CD8Tex,698
GSE160269::P8T-I::DC,GSE160269,P8,P8T-I,Tumor,DC,66
GSE160269::P8T-I::Fibroblasts,GSE160269,P8,P8T-I,Tumor,Fibroblasts,16
GSE160269::P8T-I::Mono/Macro,GSE160269,P8,P8T-I,Tumor,Mono/Macro,412
GSE160269::P8T-I::Plasma,GSE160269,P8,P8T-I,Tumor,Plasma,24
GSE160269::P8T-I::Tprolif,GSE160269,P8,P8T-I,Tumor,Tprolif,29
GSE160269::P8T-I::Treg,GSE160269,P8,P8T-I,Tumor,Treg,208
GSE160269::P80T-I::B,GSE160269,P80,P80T-I,Tumor,B,20
GSE160269::P80T-I::CD4Tconv,GSE160269,P80,P80T-I,Tumor,CD4Tconv,192
GSE160269::P80T-I::CD8Tex,GSE160269,P80,P80T-I,Tumor,CD8Tex,1071
GSE160269::P80T-I::DC,GSE160269,P80,P80T-I,Tumor,DC,9
GSE160269::P80T-I::Fibroblasts,GSE160269,P80,P80T-I,Tumor,Fibroblasts,9
GSE160269::P80T-I::Mast,GSE160269,P80,P80T-I,Tumor,Mast,5
GSE160269::P80T-I::Mono/Macro,GSE160269,P80,P80T-I,Tumor,Mono/Macro,42
GSE160269::P80T-I::Plasma,GSE160269,P80,P80T-I,Tumor,Plasma,117
GSE160269::P80T-I::Tprolif,GSE160269,P80,P80T-I,Tumor,Tprolif,86
GSE160269::P80T-I::Treg,GSE160269,P80,P80T-I,Tumor,Treg,199
GSE160269::P82T-I::B,GSE160269,P82,P82T-I,Tumor,B,95
GSE160269::P82T-I::CD4Tconv,GSE160269,P82,P82T-I,Tumor,CD4Tconv,124
GSE160269::P82T-I::CD8Tex,GSE160269,P82,P82T-I,Tumor,CD8Tex,221
GSE160269::P82T-I::DC,GSE160269,P82,P82T-I,Tumor,DC,26
GSE160269::P82T-I::Fibroblasts,GSE160269,P82,P82T-I,Tumor,Fibroblasts,3
GSE160269::P82T-I::Mast,GSE160269,P82,P82T-I,Tumor,Mast,83
GSE160269::P82T-I::Mono/Macro,GSE160269,P82,P82T-I,Tumor,Mono/Macro,161
GSE160269::P82T-I::Plasma,GSE160269,P82,P82T-I,Tumor,Plasma,46
GSE160269::P82T-I::Tprolif,GSE160269,P82,P82T-I,Tumor,Tprolif,15
GSE160269::P82T-I::Treg,GSE160269,P82,P82T-I,Tumor,Treg,93
GSE160269::P83T-I::B,GSE160269,P83,P83T-I,Tumor,B,83
GSE160269::P83T-I::CD4Tconv,GSE160269,P83,P83T-I,Tumor,CD4Tconv,246
GSE160269::P83T-I::CD8Tex,GSE160269,P83,P83T-I,Tumor,CD8Tex,477
GSE160269::P83T-I::DC,GSE160269,P83,P83T-I,Tumor,DC,176
GSE160269::P83T-I::Fibroblasts,GSE160269,P83,P83T-I,Tumor,Fibroblasts,77
GSE160269::P83T-I::Mast,GSE160269,P83,P83T-I,Tumor,Mast,66
GSE160269::P83T-I::Mono/Macro,GSE160269,P83,P83T-I,Tumor,Mono/Macro,580
GSE160269::P83T-I::Plasma,GSE160269,P83,P83T-I,Tumor,Plasma,56
GSE160269::P83T-I::Tprolif,GSE160269,P83,P83T-I,Tumor,Tprolif,77
GSE160269::P83T-I::Treg,GSE160269,P83,P83T-I,Tumor,Treg,234
GSE160269::P84T-I::B,GSE160269,P84,P84T-I,Tumor,B,175
GSE160269::P84T-I::CD4Tconv,GSE160269,P84,P84T-I,Tumor,CD4Tconv,322
GSE160269::P84T-I::CD8Tex,GSE160269,P84,P84T-I,Tumor,CD8Tex,181
GSE160269::P84T-I::DC,GSE160269,P84,P84T-I,Tumor,DC,44
GSE160269::P84T-I::Fibroblasts,GSE160269,P84,P84T-I,Tumor,Fibroblasts,10
GSE160269::P84T-I::Mast,GSE160269,P84,P84T-I,Tumor,Mast,13
GSE160269::P84T-I::Mono/Macro,GSE160269,P84,P84T-I,Tumor,Mono/Macro,110
GSE160269::P84T-I::Plasma,GSE160269,P84,P84T-I,Tumor,Plasma,157
GSE160269::P84T-I::Tprolif,GSE160269,P84,P84T-I,Tumor,Tprolif,14
GSE160269::P84T-I::Treg,GSE160269,P84,P84T-I,Tumor,Treg,146
GSE160269::P87T-I::B,GSE160269,P87,P87T-I,Tumor,B,26
GSE160269::P87T-I::CD4Tconv,GSE160269,P87,P87T-I,Tumor,CD4Tconv,352
GSE160269::P87T-I::CD8Tex,GSE160269,P87,P87T-I,Tumor,CD8Tex,1884
GSE160269::P87T-I::DC,GSE160269,P87,P87T-I,Tumor,DC,17
GSE160269::P87T-I::Mast,GSE160269,P87,P87T-I,Tumor,Mast,26
GSE160269::P87T-I::Mono/Macro,GSE160269,P87,P87T-I,Tumor,Mono/Macro,44
GSE160269::P87T-I::Plasma,GSE160269,P87,P87T-I,Tumor,Plasma,10
GSE160269::P87T-I::Tprolif,GSE160269,P87,P87T-I,Tumor,Tprolif,167
GSE160269::P87T-I::Treg,GSE160269,P87,P87T-I,Tumor,Treg,95
GSE160269::P89T-I::B,GSE160269,P89,P89T-I,Tumor,B,21
GSE160269::P89T-I::CD4Tconv,GSE160269,P89,P89T-I,Tumor,CD4Tconv,134
GSE160269::P89T-I::CD8Tex,GSE160269,P89,P89T-I,Tumor,CD8Tex,360
GSE160269::P89T-I::DC,GSE160269,P89,P89T-I,Tumor,DC,28
GSE160269::P89T-I::Fibroblasts,GSE160269,P89,P89T-I,Tumor,Fibroblasts,33
GSE160269::P89T-I::Mast,GSE160269,P89,P89T-I,Tumor,Mast,12
GSE160269::P89T-I::Mono/Macro,GSE160269,P89,P89T-I,Tumor,Mono/Macro,313
GSE160269::P89T-I::Plasma,GSE160269,P89,P89T-I,Tumor,Plasma,39
GSE160269::P89T-I::Tprolif,GSE160269,P89,P89T-I,Tumor,Tprolif,15
GSE160269::P89T-I::Treg,GSE160269,P89,P89T-I,Tumor,Treg,170
GSE160269::P9T-I::B,GSE160269,P9,P9T-I,Tumor,B,53
GSE160269::P9T-I::CD4Tconv,GSE160269,P9,P9T-I,Tumor,CD4Tconv,576
GSE160269::P9T-I::CD8Tex,GSE160269,P9,P9T-I,Tumor,CD8Tex,1291
GSE160269::P9T-I::DC,GSE160269,P9,P9T-I,Tumor,DC,70
GSE160269::P9T-I::Fibroblasts,GSE160269,P9,P9T-I,Tumor,Fibroblasts,10
GSE160269::P9T-I::Mast,GSE160269,P9,P9T-I,Tumor,Mast,10
GSE160269::P9T-I::Mono/Macro,GSE160269,P9,P9T-I,Tumor,Mono/Macro,593
GSE160269::P9T-I::Plasma,GSE160269,P9,P9T-I,Tumor,Plasma,141
GSE160269::P9T-I::Tprolif,GSE160269,P9,P9T-I,Tumor,Tprolif,216
GSE160269::P9T-I::Treg,GSE160269,P9,P9T-I,Tumor,Treg,179
GSE160269::P91T-I::B,GSE160269,P91,P91T-I,Tumor,B,50
GSE160269::P91T-I::CD4Tconv,GSE160269,P91,P91T-I,Tumor,CD4Tconv,172
GSE160269::P91T-I::CD8Tex,GSE160269,P91,P91T-I,Tumor,CD8Tex,563
GSE160269::P91T-I::DC,GSE160269,P91,P91T-I,Tumor,DC,14
GSE160269::P91T-I::Fibroblasts,GSE160269,P91,P91T-I,Tumor,Fibroblasts,8
GSE160269::P91T-I::Mast,GSE160269,P91,P91T-I,Tumor,Mast,2
GSE160269::P91T-I::Mono/Macro,GSE160269,P91,P91T-I,Tumor,Mono/Macro,369
GSE160269::P91T-I::Plasma,GSE160269,P91,P91T-I,Tumor,Plasma,23
GSE160269::P91T-I::Tprolif,GSE160269,P91,P91T-I,Tumor,Tprolif,67
GSE160269::P91T-I::Treg,GSE160269,P91,P91T-I,Tumor,Treg,148
GSE160269::P94T-I::B,GSE160269,P94,P94T-I,Tumor,B,282
GSE160269::P94T-I::CD4Tconv,GSE160269,P94,P94T-I,Tumor,CD4Tconv,159
GSE160269::P94T-I::CD8Tex,GSE160269,P94,P94T-I,Tumor,CD8Tex,160
GSE160269::P94T-I::DC,GSE160269,P94,P94T-I,Tumor,DC,17
GSE160269::P94T-I::Fibroblasts,GSE160269,P94,P94T-I,Tumor,Fibroblasts,1
GSE160269::P94T-I::Mast,GSE160269,P94,P94T-I,Tumor,Mast,7
GSE160269::P94T-I::Mono/Macro,GSE160269,P94,P94T-I,Tumor,Mono/Macro,67
GSE160269::P94T-I::Plasma,GSE160269,P94,P94T-I,Tumor,Plasma,96
GSE160269::P94T-I::Tprolif,GSE160269,P94,P94T-I,Tumor,Tprolif,8
GSE160269::P94T-I::Treg,GSE160269,P94,P94T-I,Tumor,Treg,65
GSE154763::ESCA-P20181114-N::DC,GSE154763,P20181114,ESCA-P20181114-N,Normal,DC,79
GSE154763::ESCA-P20181114-N::Mast,GSE154763,P20181114,ESCA-P20181114-N,Normal,Mast,1
GSE154763::ESCA-P20181114-N::Mono/Macro,GSE154763,P20181114,ESCA-P20181114-N,Normal,Mono/Macro,288
GSE154763::ESCA-P20181114-T::DC,GSE154763,P20181114,ESCA-P20181114-T,Tumor,DC,100
GSE154763::ESCA-P20181114-T::Mast,GSE154763,P20181114,ESCA-P20181114-T,Tumor,Mast,71
GSE154763::ESCA-P20181114-T::Mono/Macro,GSE154763,P20181114,ESCA-P20181114-T,Tumor,Mono/Macro,304
GSE154763::ESCA-P20181123-N::DC,GSE154763,P20181123,ESCA-P20181123-N,Normal,DC,104
GSE154763::ESCA-P20181123-N::Mast,GSE154763,P20181123,ESCA-P20181123-N,Normal,Mast,38
GSE154763::ESCA-P20181123-N::Mono/Macro,GSE154763,P20181123,ESCA-P20181123-N,Normal,Mono/Macro,244
GSE154763::ESCA-P20181123-T::DC,GSE154763,P20181123,ESCA-P20181123-T,Tumor,DC,25
GSE154763::ESCA-P20181123-T::Mast,GSE154763,P20181123,ESCA-P20181123-T,Tumor,Mast,28
GSE154763::ESCA-P20181123-T::Mono/Macro,GSE154763,P20181123,ESCA-P20181123-T,Tumor,Mono/Macro,269
GSE154763::ESCA-P20190404-N::DC,GSE154763,P20190404,ESCA-P20190404-N,Normal,DC,40
GSE154763::ESCA-P20190404-N::Mast,GSE154763,P20190404,ESCA-P20190404-N,Normal,Mast,33
GSE154763::ESCA-P20190404-N::Mono/Macro,GSE154763,P20190404,ESCA-P20190404-N,Normal,Mono/Macro,442
GSE154763::ESCA-P20190404-T::DC,GSE154763,P20190404,ESCA-P20190404-T,Tumor,DC,44
GSE154763::ESCA-P20190404-T::Mast,GSE154763,P20190404,ESCA-P20190404-T,Tumor,Mast,13
GSE154763::ESCA-P20190404-T::Mono/Macro,GSE154763,P20190404,ESCA-P20190404-T,Tumor,Mono/Macro,414
GSE154763::ESCA-P20190410-N::DC,GSE154763,P20190410,ESCA-P20190410-N,Normal,DC,33
GSE154763::ESCA-P20190410-N::Mast,GSE154763,P20190410,ESCA-P20190410-N,Normal,Mast,37
GSE154763::ESCA-P20190410-N::Mono/Macro,GSE154763,P20190410,ESCA-P20190410-N,Normal,Mono/Macro,157
GSE154763::ESCA-P20190410-T::DC,GSE154763,P20190410,ESCA-P20190410-T,Tumor,DC,20
GSE154763::ESCA-P20190410-T::Mast,GSE154763,P20190410,ESCA-P20190410-T,Tumor,Mast,12
GSE154763::ESCA-P20190410-T::Mono/Macro,GSE154763,P20190410,ESCA-P20190410-T,Tumor,Mono/Macro,249
GSE154763::ESCA-P20190411-N::DC,GSE154763,P20190411,ESCA-P20190411-N,Normal,DC,93
GSE154763::ESCA-P20190411-N::Mast,GSE154763,P20190411,ESCA-P20190411-N,Normal,Mast,2
GSE154763::ESCA-P20190411-N::Mono/Macro,GSE154763,P20190411,ESCA-P20190411-N,Normal,Mono/Macro,915
GSE154763::ESCA-P20190411-T::DC,GSE154763,P20190411,ESCA-P20190411-T,Tumor,DC,67
GSE154763::ESCA-P20190411-T::Mast,GSE154763,P20190411,ESCA-P20190411-T,Tumor,Mast,58
GSE154763::ESCA-P20190411-T::Mono/Macro,GSE154763,P20190411,ESCA-P20190411-T,Tumor,Mono/Macro,616
GSE154763::ESCA-P20190613-N::DC,GSE154763,P20190613,ESCA-P20190613-N,Normal,DC,187
GSE154763::ESCA-P20190613-N::Mast,GSE154763,P20190613,ESCA-P20190613-N,Normal,Mast,50
GSE154763::ESCA-P20190613-N::Mono/Macro,GSE154763,P20190613,ESCA-P20190613-N,Normal,Mono/Macro,583
GSE154763::ESCA-P20190613-T::DC,GSE154763,P20190613,ESCA-P20190613-T,Tumor,DC,47
GSE154763::ESCA-P20190613-T::Mast,GSE154763,P20190613,ESCA-P20190613-T,Tumor,Mast,28
GSE154763::ESCA-P20190613-T::Mono/Macro,GSE154763,P20190613,ESCA-P20190613-T,Tumor,Mono/Macro,485
GSE154763::ESCA-P20190916-N::DC,GSE154763,P20190916,ESCA-P20190916-N,Normal,DC,85
GSE154763::ESCA-P20190916-N::Mast,GSE154763,P20190916,ESCA-P20190916-N,Normal,Mast,19
GSE154763::ESCA-P20190916-N::Mono/Macro,GSE154763,P20190916,ESCA-P20190916-N,Normal,Mono/Macro,1028
GSE154763::ESCA-P20190916-T::DC,GSE154763,P20190916,ESCA-P20190916-T,Tumor,DC,27
GSE154763::ESCA-P20190916-T::Mast,GSE154763,P20190916,ESCA-P20190916-T,Tumor,Mast,149
GSE154763::ESCA-P20190916-T::Mono/Macro,GSE154763,P20190916,ESCA-P20190916-T,Tumor,Mono/Macro,189
